-69.337,4.232,13.36,1
-67.503,1.583,11.363,1
-64.34,3.548,12.598,1
-65.376,2.469,16.099,1
-65.221,-1.119,14.668,1
-61.649,-0.455,13.463,1
-60.827,0.966,16.934,1
-62.213,-2.325,18.33,1
-60.132,-4.316,15.778,1
-57.22,-2.196,17.139,1
-58.298,-3.135,20.731,1
-58.382,-6.843,19.713,1
-54.882,-6.231,18.205,1
-53.666,-4.823,21.608,1
-55.123,-7.802,23.508,1
-53.464,-10.053,20.874,1
-50.359,-7.807,21.289,1
-49.636,-9.102,24.784,1
-49.198,-12.629,23.273,1
-47.469,-11.068,20.2,1
-34.64,-2.99,8.492,2
-31.337,-1.09,8.153,2
-30.91,-1.051,11.994,2
-31.749,-4.771,12.419,2
-29.245,-5.572,9.611,2
-26.924,-3.223,11.614,2
-26.956,-5.524,14.631,2
-24.438,-7.622,12.669,2
-23.387,-4.81,10.305,2
-22.86,-2.206,13.014,2
-20.144,-4.527,14.21,2
-18.968,-5.743,10.727,2
-19.944,-2.963,8.223,2
-18.848,-0.053,10.425,2
-15.618,-2.152,10.756,2
-15.57,-2.413,6.949,2
-16.069,1.414,6.808,2
-12.876,1.495,8.938,2
-13.362,23.409,31.407,3
-16.454,23.196,29.146,3
-15.787,19.396,28.897,3
-16.204,18.993,32.69,3
-19.246,21.371,32.67,3
-20.558,19.097,29.857,3
-20.014,15.908,31.969,3
-22.004,17.512,34.833,3
-24.531,18.949,32.288,3