-39.047,76.258,52.714,1
-39.624,79.98,53.606,1
-39.992,79.336,57.364,1
-36.789,77.216,57.352,1
-35.259,80.116,55.294,1
-35.94,82.595,58.163,1
-34.705,80.028,60.714,1
-31.556,79.556,58.521,1
-30.737,83.306,58.559,1
-31.271,83.192,62.348,1
-28.977,80.085,62.562,1
-26.365,81.982,60.452,1
-26.628,84.857,62.991,1
-26.142,82.347,65.887,1
-23.044,80.791,64.213,1
-21.622,84.282,63.549,1
-22.215,85.404,67.152,1
-20.078,82.428,68.325,1
-17.456,82.476,65.456,1
-14.418,89.174,70.151,2
-14.001,92.888,69.261,2
-16.939,92.594,66.794,2
-18.979,90.18,68.927,2
-18.403,92,72.27,2
-20.234,95.007,70.734,2
-23.104,92.785,69.396,2
-23.554,91.205,72.915,2
-23.813,94.685,74.446,2
-26.534,95.815,71.944,2
-30.313,88.763,77.387,3
-33.574,87.289,75.906,3
-32.205,87.868,72.342,3
-28.817,86.383,73.366,3
-30.335,83.201,74.887,3
-32.546,82.85,71.728,3
-29.484,82.82,69.399,3
-27.673,80.448,71.854,3
-30.644,78.033,71.743,3
-30.533,78.208,67.905,3
-26.777,77.361,67.878,3
-27.204,74.399,70.305,3
-30.07,73.015,68.109,3
-17.019,68.6,57.221,4
-16.607,69.651,53.536,4
-20.066,71.299,53.594,4
-19.105,73.102,56.878,4
-15.977,74.461,55.076,4
-18.201,75.756,52.226,4
-20.642,77.253,54.794,4
-17.652,78.893,56.528,4
-16.214,80.527,53.358,4
-19.779,81.654,52.335,4
-20.149,83.284,55.781,4
-16.624,84.762,55.623,4
-17.255,86.279,52.156,4
-20.723,87.546,53.253,4
-19.208,89.281,56.368,4
-16.437,90.771,54.176,4
-19.255,92.195,51.914,4
-21.112,93.417,55.055,4
-10.019,84.172,58.814,5
-8.669,80.633,59.463,5
-9.606,80.835,63.198,5
-13.07,81.959,62.001,5
-13.334,78.719,59.885,5
-12.164,76.554,62.859,5
-14.703,78.158,65.256,5
-17.575,77.485,62.785,5
-16.347,73.833,62.797,5
-16.832,73.832,66.626,5
-20.362,75.367,66.475,5
-23.386,60.299,62.795,6
-21.325,58.924,59.851,6
-18.261,61.023,60.871,6
-18.602,59.967,64.557,6
-18.8,56.27,63.458,6
-15.71,56.8,61.207,6
-13.772,58.196,64.228,6
-14.812,55.15,66.281,6
-13.703,52.717,63.506,6
-10.324,54.418,62.847,6
-9.704,54.354,66.651,6
-10.54,50.61,66.51,6
-7.956,50.064,63.735,6
-5.301,51.84,65.792,6
-6.142,49.643,68.825,6
-5.822,46.467,66.711,6
-2.382,47.569,65.387,6
-1.168,48.477,68.916,6
-2.341,45.031,70.234,6
-0.307,43.334,67.445,6
2.698,45.389,68.708,6
1.892,44.312,72.335,6
2.221,40.64,71.146,6
9.839,43.536,74.033,7
13.55,42.855,73.175,7
12.725,42.887,69.419,7
10.739,46.132,69.833,7
13.538,47.73,71.914,7
16.117,46.727,69.238,7
14.075,48.288,66.387,7
13.365,51.433,68.477,7
16.964,52.016,69.876,7
17.993,53.624,66.543,7
14.071,59.759,71.31,8
10.952,61.872,70.49,8
9.636,59.11,68.165,8
10.326,56.429,70.812,8
8.492,58.596,73.38,8
5.434,58.995,71.078,8
5.37,55.231,70.408,8
5.627,54.285,74.121,8
3.048,56.925,75.192,8
0.508,54.806,73.224,8
2.469,50.804,81.017,9
3.719,47.172,81.352,9
4.819,46.992,77.683,9
6.363,50.503,77.743,9
8.257,49.586,80.946,9
9.614,46.327,79.358,9
10.753,48.225,76.214,9
12.366,50.956,78.366,9
14.209,48.342,80.5,9
15.706,46.838,77.283,9
18.221,56.715,76.095,10
16.028,55.36,78.966,10
16.255,58.704,80.765,10
15.611,60.803,77.628,10
12.604,58.632,76.534,10
11.02,59.019,80.013,10
11.716,62.818,79.816,10
10.138,63.44,76.355,10
7.138,61.291,77.434,10
6.768,63.492,80.552,10
6.705,66.617,78.277,10
-2.942,58.724,66.871,11
-2.539,58.159,63.085,11
1.182,59.127,63.191,11
1.788,56.508,65.942,11
-0.384,53.961,63.998,11
1.799,54.459,60.898,11
4.958,54.059,63.076,11
3.531,50.776,64.475,11
2.673,49.399,60.975,11
6.204,50.297,59.752,11
7.682,48.41,62.77,11
5.39,45.412,62.052,11
6.579,45.3,58.432,11
10.219,45.57,59.538,11
9.726,42.528,61.9,11
8.122,40.679,58.902,11
11.166,41.708,56.794,11
13.561,40.489,59.573,11
11.752,37.127,59.496,11
12.616,36.941,55.761,11
16.309,37.853,56.593,11
16.457,34.889,59.047,11
9.761,27.806,45.323,12
9.544,27.778,41.471,12
12.51,25.358,41.321,12
10.974,23.072,44.026,12
7.607,23.202,42.217,12
9.378,22.375,38.896,12
11.115,19.255,40.384,12
7.764,18.011,41.745,12
6.065,18.733,38.376,12
8.785,16.852,36.427,12
8.33,13.891,38.854,12
2.702,14.431,31.81,13
-1.122,14.398,32.133,13
-1.198,15.548,35.806,13
1.768,17.929,35.227,13
0.195,19.711,32.235,13
-3.261,20.01,33.909,13
-1.69,21.576,37.073,13
0.377,23.958,34.892,13
-2.624,25.053,32.762,13
-4.634,25.793,35.952,13
-1.702,27.899,37.274,13
-1.621,29.703,33.862,13
-5.319,30.627,34.272,13
-4.579,32.338,37.652,13
0.346,33.087,33.084,14
3.666,34.595,34.249,14
3.844,32.131,37.24,14
3.263,29.226,34.8,14
6.161,30.618,32.716,14
8.459,30.96,35.849,14
7.839,27.291,36.795,14
8.332,26.112,33.13,14
11.758,27.92,33.136,14
12.819,25.845,36.127,14
11.386,22.67,34.51,14
20.555,25.021,30.498,15
22.263,22.522,32.89,15
19.594,19.914,31.94,15
21.275,19.721,28.485,15
23.434,17.023,30.242,15
20.381,14.685,30.207,15
23.67,12.847,21.465,16
20.926,12.372,18.781,16
18.894,15.101,20.49,16
22.045,17.325,20.484,16
22.456,16.627,16.719,16
18.912,17.986,16.104,16
19.549,21.031,18.372,16
22.767,21.687,16.366,16
20.648,21.64,13.149,16
18.316,24.429,14.504,16
26.317,29.215,15.553,17
26.812,32.621,17.23,17
24.086,32.098,19.866,17
25.503,28.621,20.68,17
29.117,29.947,20.99,17
28.079,32.753,23.362,17
25.885,30.352,25.376,17
28.824,27.912,25.73,17
31.206,30.638,27.086,17
29.17,30.393,30.369,17
33.112,21.891,30.322,18
31.023,18.667,30.187,18
28.181,20.555,28.37,18
30.691,22.231,25.987,18
32.115,18.76,25.228,18
28.609,17.303,24.652,18
27.941,19.878,21.897,18
31.523,19.728,20.45,18
31.517,15.873,20.397,18
28.378,15.962,18.23,18
36.124,17.373,14.059,19
36.624,20.231,11.524,19
33.408,22.019,12.586,19
34.304,21.549,16.293,19
37.86,22.954,15.828,19
36.456,25.985,13.948,19
33.74,26.523,16.618,19
36.349,26.515,19.434,19
38.666,28.92,17.529,19
35.728,31.31,16.864,19
34.69,31.044,20.582,19
38.181,32.224,21.651,19
37.944,34.974,18.962,19
34.758,36.488,20.585,19
27.375,37.548,31.529,20
24.013,39.19,30.602,20
24.511,38.318,26.873,20
25.739,34.795,27.812,20
22.584,34.3,30.011,20
20.383,35.535,27.106,20
22.03,33.106,24.641,20
21.593,30.249,27.179,20
17.822,31.087,27.39,20
17.568,31.206,23.523,20
19.02,27.664,23.416,20
16.543,26.504,26.138,20
13.606,27.999,24.165,20
14.68,25.9,21.138,20
15.067,22.844,23.439,20
11.439,23.375,24.66,20
10.307,23.225,21.005,20
12.132,19.924,20.526,20
10.537,18.472,23.744,20
7.091,19.365,22.275,20
7.955,18.248,18.721,20