13.028,-0.403999,-15.281,1
14.028,1.596,-11.281,1
15.028,3.596,-6.281,1
15.028,3.596,-5.281,1
15.028,4.596,-4.281,1
16.028,6.596,-0.280998,1
17.028,9.596,3.719,1
17.028,10.596,4.719,1
18.028,12.596,6.719,1
16.028,18.596,5.719,2
16.028,18.596,4.719,2
17.028,19.596,3.719,2
19.028,16.596,-1.281,2
22.028,14.596,-5.281,2
23.028,11.596,-7.281,2
24.028,8.596,-8.281,2
25.028,6.596,-9.281,2
26.028,5.596,-10.281,2
32.028,16.596,-6.281,3
33.028,14.596,-3.281,3
35.028,12.596,-0.280998,3
35.028,11.596,0.719002,3
36.028,10.596,1.719,3
36.028,8.596,3.719,3
37.028,7.596,5.719,3
37.028,5.596,7.719,3
38.028,4.596,10.719,3
38.028,3.596,11.719,3
39.028,2.596,13.719,3
36.028,26.596,-1.281,4
36.028,26.596,-1.281,4
37.028,26.596,-0.280998,4
39.028,24.596,0.719002,4
41.028,23.596,2.719,4
42.028,17.596,6.719,4
44.028,11.596,10.719,4
44.028,9.596,11.719,4
45.028,8.596,12.719,4
45.028,7.596,13.719,4
46.028,6.596,15.719,4
6.028,10.596,-0.280998,5
6.028,10.596,-0.280998,5
6.028,10.596,0.719002,5
6.028,11.596,3.719,5
6.028,12.596,7.719,5
5.028,13.596,9.719,5
5.028,14.596,12.719,5
5.028,14.596,13.719,5
5.028,15.596,14.719,5
4.028,16.596,16.719,5
4.028,17.596,18.719,5
3.028,18.596,20.719,5
3.028,19.596,23.719,5
2.028,19.596,24.719,5
2.028,20.596,25.719,5
7.028,1.596,14.719,6
8.028,1.596,13.719,6
10.028,2.596,12.719,6
11.028,2.596,11.719,6
13.028,2.596,11.719,6
25.028,25.596,40.719,7
25.028,25.596,39.719,7
26.028,25.596,38.719,7
25.028,22.596,36.719,7
25.028,20.596,34.719,7
25.028,17.596,31.719,7
26.028,15.596,29.719,7
27.028,11.596,24.719,7
28.028,8.596,20.719,7
28.028,5.596,16.719,7
29.028,2.596,13.719,7
29.028,0.596001,10.719,7
29.028,-1.404,8.719,7
28.028,2.596,2.719,7
28.028,2.596,2.719,7
28.028,2.596,2.719,7
27.028,6.596,2.719,7
25.028,16.596,2.719,7
26.028,22.596,-0.280998,7
16.028,17.596,11.719,8
16.028,15.596,12.719,8
17.028,14.596,14.719,8
17.028,13.596,15.719,8
18.028,12.596,16.719,8
18.028,9.596,17.719,8
19.028,6.596,19.719,8
19.028,3.596,20.719,8
19.028,1.596,21.719,8
19.028,-2.404,22.719,8
19.028,-6.404,24.719,8
19.028,-7.404,24.719,8
19.028,-8.404,25.719,8
56.028,-1.404,28.719,9
56.028,-0.403999,26.719,9
56.028,0.596001,25.719,9
56.028,0.596001,23.719,9
56.028,1.596,22.719,9
56.028,2.596,20.719,9
56.028,3.596,19.719,9
56.028,3.596,17.719,9
56.028,4.596,16.719,9
47.028,5.596,37.719,10
48.028,5.596,37.719,10
49.028,6.596,37.719,10
52.028,8.596,34.719,10
55.028,10.596,31.719,10
57.028,11.596,29.719,10
59.028,13.596,27.719,10
61.028,14.596,24.719,10
63.028,16.596,22.719,10
64.028,17.596,21.719,10
65.028,18.596,20.719,10
10.028,-1.404,32.719,11
10.028,-1.404,31.719,11
11.028,-0.403999,31.719,11
11.028,2.596,29.719,11
12.028,6.596,28.719,11
12.028,7.596,27.719,11
12.028,8.596,27.719,11
12.028,11.596,25.719,11
13.028,14.596,24.719,11
13.028,15.596,23.719,11
13.028,16.596,23.719,11
13.028,18.596,21.719,11
13.028,20.596,19.719,11
31.028,28.596,40.719,12
32.028,27.596,38.719,12
33.028,26.596,36.719,12
34.028,24.596,33.719,12
35.028,22.596,31.719,12
37.028,18.596,26.719,12
39.028,14.596,22.719,12
39.028,13.596,21.719,12
40.028,12.596,20.719,12
6.028,15.596,30.719,13
5.028,14.596,29.719,13
5.028,13.596,29.719,13
4.028,9.596,27.719,13
3.028,5.596,26.719,13
3.028,0.596001,25.719,13
4.028,-4.404,25.719,13
44.028,1.596,28.719,14
44.028,2.596,27.719,14
45.028,4.596,27.719,14
46.028,7.596,27.719,14
47.028,10.596,27.719,14
47.028,11.596,26.719,14
48.028,13.596,26.719,14
49.028,15.596,25.719,14
50.028,18.596,25.719,14
50.028,18.596,25.719,14
51.028,19.596,25.719,14
37.028,4.596,27.719,15
38.028,6.596,30.719,15
40.028,9.596,33.719,15
41.028,12.596,35.719,15
42.028,16.596,37.719,15
42.028,17.596,38.719,15
43.028,19.596,39.719,15
-8.972,6.596,29.719,16
-7.972,7.596,32.719,16
-6.972,9.596,36.719,16
-6.972,9.596,37.719,16
-5.972,10.596,38.719,16
-4.972,10.596,40.719,16
-3.972,11.596,42.719,16
-3.972,11.596,43.719,16
-2.972,12.596,45.719,16
-2.972,12.596,46.719,16
-1.972,13.596,47.719,16
-0.972,13.596,49.719,16
0.0279999,14.596,51.719,16
-2.972,-4.404,32.719,17
-0.972,-2.404,33.719,17
1.028,-0.403999,34.719,17
4.028,3.596,36.719,17
7.028,7.596,38.719,17
8.028,8.596,38.719,17
9.028,9.596,39.719,17
9.028,10.596,39.719,17
10.028,11.596,40.719,17
11.028,12.596,40.719,17
12.028,13.596,41.719,17
-11.972,0.596001,38.719,18
-11.972,0.596001,39.719,18
-10.972,0.596001,40.719,18
-9.972,0.596001,42.719,18
-8.972,1.596,44.719,18
-8.972,2.596,46.719,18
-7.972,3.596,48.719,18
-5.972,4.596,50.719,18
-4.972,5.596,51.719,18
-2.972,7.596,53.719,18
-1.972,7.596,54.719,18
-0.972,8.596,56.719,18
31.028,18.596,45.719,19
34.028,19.596,44.719,19
37.028,21.596,44.719,19
38.028,21.596,43.719,19
39.028,22.596,43.719,19
40.028,22.596,43.719,19
41.028,23.596,43.719,19
