-13.524,-12.858,7.855,1
-15.773,-11.44,8.281,1
-16.091,-10.248,7.118,1
-15.716,-9.842,5.498,1
-16.433,-10.109,3.961,1
-17.498,-9.356,2.888,1
-17.601,-8.317,1.502,1
-17.659,-8.49,-0.156,1
-19.053,-8.714,-1.178,1
-19.676,-17.525,0.732,2
-19.19,-18.588,3.386,2
-18.371,-20.148,3.662,2
-17.311,-21.187,2.917,2
-15.524,-21.39,2.902,2
-14.353,-22.277,3.798,2
-13.594,-23.792,3.69,2
-12.235,-24.39,2.911,2
-10.456,-24.583,3.278,2
3.639,-15.248,7.783,3
2.789,-12.796,7.647,3
2.222,-12.415,6.096,3
1.61,-13.204,4.691,3
0.107,-13.636,4.106,3
-1.102,-12.914,3.114,3
-1.486,-12.869,1.444,3
-2.465,-13.77,0.302,3
-4.005,-13.67,-0.247,3
-4.769,-12.908,-1.508,3
-5.187,-13.226,-3.09,3
-6.528,-13.885,-3.968,3
-7.93,-13.186,-4.66,3
-8.437,-12.469,-6.256,3
-9.12,-12.98,-7.604,3
-10.734,-13.148,-8.153,3
-11.929,-12.27,-8.994,3
-12.385,-12.119,-10.644,3
-13.506,-12.988,-11.753,3
-12.517,-28.568,-18.431,4
-11.36,-31.083,-18.606,4
-10.501,-31.698,-17.124,4
-10.561,-31.415,-15.459,4
-11.457,-32.107,-14.124,4
-11.266,-33.436,-12.992,4
-10.526,-33.604,-11.469,4
-11.059,-33.39,-9.798,4
-11.767,-34.297,-8.549,4
-11.346,-35.264,-7.167,4
-11.067,-34.908,-5.517,4
-22.891,-25.461,-4.736,5
-20.813,-25.383,-2.504,5
-19.073,-25.734,-2.343,5
-17.819,-26.022,-3.399,5
-16.607,-25.107,-4.293,5
-15.073,-24.577,-4.062,5
-13.401,-25.14,-4.423,5
-12.027,-25.11,-5.459,5
-10.541,-24.268,-5.623,5
-8.96,-24.526,-5.081,5
-7.594,-25.318,-5.71,5
-6.286,-24.993,-6.663,5
-4.66,-24.44,-6.377,5
-3.336,-25.546,-5.738,5
6.825,-13.369,-5.732,6
4.198,-12.385,-6.805,6
2.574,-11.365,-7.936,6
2.262,-12.312,-9.419,6
1.935,-13.814,-10.22,6
0.74,-14.804,-10.882,6
0.022,-15.206,-12.327,6
0.146,-16.333,-13.488,6
-0.526,-17.865,-13.894,6
-2.071,-18.275,-14.796,6
-2.478,-7.756,-21.958,7
-4.333,-5.947,-20.401,7
-5.358,-5.869,-18.902,7
-5.647,-6.671,-17.469,7
-5.093,-6.599,-15.901,7
-5.511,-5.838,-14.472,7
-6.452,-6.065,-13,7
-6.156,-6.626,-11.479,7
-5.629,-5.851,-10.006,7
-6.267,-5.054,-8.554,7
-6.691,-5.453,-7.019,7
-5.896,-5.539,-5.423,7
-5.656,-4.513,-4.056,7
-6.524,-4.188,-2.585,7
-6.543,-4.858,-1.028,7
-5.753,-4.599,0.454,7
-5.958,-3.737,1.88,7
-6.597,-3.921,3.413,7
