-7.858,-18.645,7.605,1
-10.95,-17.585,9.642,1
-8.546,-15.576,11.877,1
-7.091,-13.745,8.853,1
-17.069,-12.632,7.996,2
-17.111,-8.775,7.853,2
-14.176,-8.728,5.359,2
-15.791,-11.51,3.265,2
-19.152,-9.646,3.181,2
-17.174,-6.534,2.057,2
-15.932,-8.46,-1.02,2
-19.262,-10.291,-1.693,2
-17.942,-17.075,3.932,3
-18.845,-20.453,5.503,3
-18.209,-22.265,2.202,3
-14.89,-20.428,1.694,3
-13.678,-21.271,5.242,3
-14.69,-24.974,4.936,3
-12.9,-25.245,1.559,3
-9.785,-23.5,2.905,3
-9.644,-25.876,5.931,3
1.426,-13.24,8.921,4
2.136,-10.745,6.062,4
2.826,-13.72,3.706,4
-0.474,-15.403,4.82,4
-2.423,-12.192,4.191,4
-0.808,-11.594,0.728,4
-1.63,-15.211,-0.226,4
-5.318,-14.731,0.748,4
-5.416,-11.271,-0.907,4
-3.923,-12.804,-4.073,4
-6.49,-15.662,-4.135,4
-9.413,-13.289,-3.582,4
-8.022,-10.827,-6.161,4
-7.811,-13.428,-8.923,4
-11.241,-14.913,-8.102,4
-12.747,-11.383,-8.04,4
-11.339,-10.857,-11.534,4
-12.643,-14.171,-12.97,4
-16.09,-13.782,-11.306,4
-12.863,-31.965,-18.925,5
-9.234,-32.723,-17.825,5
-9.302,-30.135,-14.998,5
-12.835,-31.118,-13.878,5
-11.735,-34.795,-13.717,5
-8.563,-34.068,-11.706,5
-10.44,-31.688,-9.368,5
-13.259,-34.205,-8.799,5
-10.765,-36.97,-7.903,5
-9.041,-34.642,-5.37,5
-12.304,-33.373,-3.73,5
-19.554,-30.74,-13.594,6
-22.716,-28.736,-12.739,6
-22.085,-29.473,-9.002,6
-19.234,-26.912,-9.27,6
-22.035,-24.377,-10.049,6
-20.837,-23.531,-2.745,7
-18.384,-25.716,-0.774,7
-17.374,-27.717,-3.858,7
-17.136,-24.443,-5.868,7
-14.632,-22.859,-3.468,7
-12.846,-26.266,-3.142,7
-12.219,-26.27,-6.939,7
-10.708,-22.764,-6.765,7
-8.441,-23.657,-3.766,7
-7.523,-26.957,-5.547,7
-6.432,-25.034,-8.649,7
-4.451,-22.585,-6.505,7
-2.711,-25.086,-4.209,7
-2.393,-28.303,-6.299,7
-2.759,-27.604,-10.047,7
0.014,-20.042,-7.693,8
0.693,-21.072,-4.037,8
4.419,-21.613,-4.632,8
4.734,-18.261,-6.459,8
3.085,-16.137,-3.749,8
5.064,-17.861,-0.956,8
4.527,-11.787,-6.086,9
1.008,-11.262,-7.356,9
2.349,-11.036,-10.938,9
3.649,-14.6,-10.486,9
0.089,-15.696,-9.597,9
-1.282,-13.997,-12.783,9
1.346,-15.856,-14.904,9
0.291,-19.077,-13.126,9
-3.452,-18.628,-13.979,9
0.213,-16.525,-18.998,10
-1.467,-14.988,-22.107,10
-2.447,-11.888,-20.059,10
-2.752,-5.035,-20.008,11
-6.427,-4.221,-19.161,11
-7.055,-7.584,-17.466,11
-3.665,-7.561,-15.671,11
-4.655,-4.085,-14.385,11
-8.103,-5.35,-13.234,11
-6.504,-8.253,-11.279,11
-3.896,-5.959,-9.654,11
-6.554,-3.312,-8.782,11
-8.524,-5.938,-6.822,11
-5.237,-7.144,-5.222,11
-4.202,-3.631,-4.038,11
-7.727,-2.915,-2.67,11
-7.767,-6.244,-0.78,11
-4.203,-5.88,0.638,11
-5.187,-2.386,1.881,11
-8.333,-3.902,3.546,11