74.765,-5.154,32.185,1
72.12,-7.034,30.142,1
69.755,-6.987,33.21,1
70.492,-3.245,33.534,1
69.593,-2.689,29.836,1
66.404,-4.729,30.368,1
65.363,-2.434,33.304,1
66.075,0.835,31.423,1
63.974,-0.238,28.408,1
60.787,-0.5,30.61,1
61.482,3.017,32.045,1
61.016,4.088,28.384,1
61.159,14.949,49.18,2
63.575,14.335,46.229,2
60.517,14.704,43.869,2
59.415,17.983,45.519,2
60.815,20.389,42.903,2
59.122,18.721,39.922,2
63.835,28.263,30.155,3
61.069,27.264,32.673,3
60.672,23.786,31.1,3
64.466,23.485,31.192,3
64.514,24.497,34.909,3
62.054,21.727,35.902,3
63.964,19.273,33.639,3
67.238,20.239,35.449,3
65.668,19.592,38.866,3
64.655,16.138,37.587,3
67.998,14.867,36.194,3
69.835,16.221,39.318,3
67.561,14.111,41.544,3
68.264,11.091,39.292,3
72.049,11.818,39.358,3
71.544,1.994,40.003,4
68.641,0.385,41.962,4
67.912,3.796,43.588,4
68.005,5.41,40.107,4
65.474,2.875,38.729,4
63.195,3.378,41.782,4
63.157,7.215,41.741,4
62.788,7.187,37.935,4
59.784,4.839,38.113,4
57.906,6.857,40.76,4
58.528,10.253,39.144,4
57.413,8.981,35.678,4
53.853,8.587,36.932,4
53.542,12.044,38.665,4
55.748,12.072,30.467,5
57.381,14.519,28.052,5
59.738,16.214,30.468,5
60.24,12.875,32.259,5
61.582,11.198,29.071,5
63.907,14.193,28.677,5
65.145,14.137,32.301,5
65.685,10.377,32.471,5
67.407,10.279,29.059,5
70.006,12.871,30.175,5
70.471,11.125,33.542,5
70.939,7.661,31.991,5
73.701,8.988,29.801,5
75.715,10.763,32.414,5
78.578,6.59,36.166,6
76.686,3.454,37.427,6
74.57,3.372,34.333,6
77.705,2.661,32.282,6
63.717,8.011,20.119,7
62.047,7.191,16.779,7
60.836,3.875,18.312,7
59.698,5.486,21.674,7
57.193,7.089,16.3,8
54.47,9.771,15.992,8
57.26,12.43,15.828,8
49.536,11.509,11.004,9
47.886,9.462,8.225,9
50.415,6.571,8.539,9
49.992,6.53,12.348,9
46.192,6.664,11.909,9
46.21,3.857,9.27,9
48.349,1.65,11.543,9
46.107,2.187,14.633,9
43.067,1.774,12.329,9
44.207,-1.585,10.902,9
45.083,-2.822,14.422,9
41.414,-2.027,15.394,9
39.853,-3.093,12.025,9
55.899,23.455,-2.823,10
59.501,23.245,-4.163,10
60.634,23.145,-0.494,10
58.997,19.671,-0.496,10
61.984,18.628,-2.677,10
64.12,19.32,0.439,11
61.706,17.162,2.557,11
63.984,14.122,1.946,11
66.643,15.978,3.987,11
64.454,17.852,6.536,11
62.093,14.962,7.313,11
64.371,10.13,10.632,12
68.115,9.806,11.282,12
68.782,13.564,11.118,12
65.954,14.352,13.567,12
67.146,11.642,15.966,12
70.728,12.986,15.854,12
69.522,16.493,16.803,12
67.67,15.139,19.841,12
70.637,13.106,21.059,12
73.164,15.9,20.497,12
71.147,18.231,22.732,12
79.409,21.803,35.865,13
79.407,22.484,39.656,13
76.46,20.109,40.351,13
77.76,17.389,37.989,13
80.415,22.903,24.712,14
79.678,26.418,23.369,14
81.986,26.053,20.325,14
80.443,22.585,19.755,14
76.999,24.259,19.725,14
78.282,26.691,17.084,14
79.974,24.043,14.892,14
77.142,21.459,15.086,14
74.455,23.921,13.982,14
76.785,25.568,11.422,14
77.358,22.105,9.85,14
73.595,21.422,9.821,14
73.137,24.714,7.929,14
76.044,24.014,5.523,14
74.697,20.512,4.734,14
71.22,21.993,4.168,14
72.674,24.641,1.755,14
74.374,21.773,-0.142,14
70.981,20.064,-0.552,14
69.391,23.351,-1.806,14
72.123,23.746,-4.429,14
71.824,20.016,-5.405,14