68.4,21.6,-7.2,1
70.2,21.6,-5.4,1
72,21.6,-1.67E-06,1
73.8,21.6,5.4,1
73.8,21.6,7.2,1
75.6,21.6,9,1
77.4,21.6,10.8,1
79.2,23.4,14.4,1
79.2,23.4,18,1
79.2,25.2,21.6,1
55.8,19.8,-3.6,2
59.4,19.8,-1.8,2
61.2,18,-1.67E-06,2
64.8,16.2,3.6,2
39.6,-7.2,12.6,3
41.4,-5.4,12.6,3
43.2,-1.8,12.6,3
45,1.8,10.8,3
48.6,7.2,10.8,3
50.4,9,9,3
52.2,10.8,9,3
53.5,10.8,12.6,4
55.8,10.8,14.4,4
56.4,10.5,14.6,4
56.2,10.3,14.8,4
56.7,9.9,15.3,4
57.6,9,16.2,4
57.9,8.6,17.1,4
58.5,8.1,18,4
68.4,12.6,14.4,5
68.4,12.6,16.2,5
68.4,14.4,18,5
70.2,16.2,21.6,5
73.8,18,27,5
73.8,19.8,28.8,5
73.8,21.6,32.4,5
75.6,21.6,34.2,5
77.4,21.6,37.8,5
55.8,1.8,27,6
57.6,1.8,28.8,6
61.2,1.8,30.6,6
66.6,-3.6,30.6,6
73.8,-7.2,32.4,6
73.8,-9,32.4,6
75.6,-9,32.4,6
61.2,28.8,28.8,7
61.2,27,28.8,7
61.2,25.2,30.6,7
63,23.4,34.2,7
64.8,21.6,37.8,7
64.8,19.8,37.8,7
66.6,18,39.6,7
66.6,16.2,39.6,7
68.4,14.4,41.4,7
68.4,12.6,41.4,7
70.2,10.8,41.4,7
63,12.6,28.8,8
68.4,10.8,30.6,8
75.6,9,34.2,8
75.6,7.2,34.2,8
77.4,7.2,36,8
57.6,7.2,39.6,9
57.6,7.2,41.4,9
61.2,5.4,41.4,9
64.8,3.6,41.4,9
66.6,1.8,39.6,9
70.2,1.8,39.6,9
70.2,1.8,41.4,9
59.4,7.2,19.8,10
60.1,6.3,19.8,10
61.2,5.4,19.8,10
64.8,5.4,21.6,10
64.8,3.6,21.6,10
66.6,3.6,21.6,10
