240.252,270.426,215.637,1
241.532,268.032,212.865,1
241.066,264.963,215.156,1
237.476,266.05,215.981,1
236.622,266.884,212.337,1
238.097,263.58,211,1
236.267,261.449,213.647,1
233.049,263.359,212.766,1
233.454,262.508,209.039,1
234.46,258.844,209.762,1
231.413,258.422,212.08,1
229.231,259.918,209.242,1
230.456,257.539,206.432,1
230.139,254.752,208.899,1
226.554,255.187,210.079,1
225.82,255.767,206.275,1
224.969,236.312,219.293,2
228.175,238.407,219.895,2
230.386,235.77,218.071,2
227.986,236.043,215.082,2
228.197,239.921,215.262,2
232.023,240.087,215.284,2
231.962,237.573,212.356,2
229.389,239.752,210.5,2
231.668,242.787,211.065,2
234.565,240.773,209.518,2
232.681,239.934,206.25,2
235.278,248.382,205.658,3
233.085,250.928,203.807,3
233.918,253.735,206.301,3
237.667,253.929,205.475,3
237.041,253.358,201.764,3
234.66,256.382,201.633,3
236.968,258.539,203.872,3
240.003,257.743,201.637,3
237.943,258.929,198.643,3
241.556,262.972,198.815,4
238.783,264.571,196.657,4
238.272,267.529,199.062,4
242.065,268.082,199.462,4
242.632,267.947,195.651,4
239.614,270.177,194.825,4
240.584,272.638,197.647,4
243.96,273.028,195.855,5
241.86,274.33,192.907,5
240.596,277.109,195.253,5
244.982,267.516,190.03,6
241.312,266.39,189.564,6
241.099,268.535,186.363,6
243.097,265.797,184.657,7
241.553,262.834,183.114,7
243.798,259.994,184.411,7
243.413,261.252,188.035,7
239.626,261.832,188.011,7
238.845,258.776,185.859,7
236.107,256.605,189.065,8
237.153,253.165,187.736,8
238.747,252.14,191.077,8
235.391,252.602,192.876,8
233.608,250.621,190.122,8
236.39,247.993,190.26,8
236.39,247.993,190.26,9
236.08,247.831,194.109,9
232.283,247.348,193.79,9
232.938,244.598,191.19,9
235.624,242.785,193.317,9
232.991,242.655,196.094,9
213.092,239.604,176.47,10
215.272,238.371,179.38,10
218.204,238.052,176.874,10
218.061,241.816,176.062,10
217.623,242.867,179.758,10
220.861,241.221,181.126,10
223.216,242.843,178.533,10
221.172,246.095,178.96,10
221.893,245.928,182.735,10
225.565,245.185,181.835,10
225.565,245.185,181.835,11
225.818,248.432,179.781,11
223.956,250.177,182.701,11
226.516,248.7,185.14,11
229.434,249.798,182.866,11
227.825,253.284,182.679,11
228.004,253.521,186.518,11
231.822,253.49,186.132,11
232.113,256.276,183.541,11
229.374,258.447,185.149,11
231.217,258.403,188.478,11
234.606,259.499,187.112,11
233.619,262.037,184.417,11
231.15,263.861,186.719,11
234.166,264.746,188.928,11
236.384,265.565,185.928,11
233.848,267.817,184.164,11
232.838,269.804,187.271,11
236.49,270.782,187.899,11
237.22,271.423,184.19,11
233.919,273.265,183.429,11
234.228,275.753,186.322,11
237.926,276.198,185.37,11
237.547,276.736,181.572,11
234.618,279.159,182.127,11
236.779,280.997,184.775,11
239.67,281.404,182.278,11
237.248,283.007,179.746,11
235.528,285.418,182.228,11
238.993,286.509,183.491,11
240.085,286.914,179.83,11
237.163,289.272,179.009,11
237.417,291.084,182.395,11
241.073,292.002,181.614,11
239.997,293.163,178.098,12
237.778,295.939,179.629,12
240.68,297.754,181.468,12
243.037,296.898,178.547,12
240.824,298.569,175.862,12
238.982,301.399,177.785,12
242.588,302.242,183.552,13
240.5,305.225,184.823,13
237.218,303.749,183.337,13
237.38,300.983,186.028,13
234.657,302.308,188.369,13
231.741,301.727,185.837,13
231.648,298.328,184.138,13
234.866,296.867,185.666,13
233.461,296.926,189.212,13
230.312,295.115,187.914,13
232.262,292.374,186.025,13
234.726,291.96,188.963,13
231.626,291.223,191.115,13
230.486,288.605,188.504,13
233.974,286.942,188.514,13
234.004,286.875,192.346,13
230.516,285.27,192.348,13
231.9,282.465,190.11,13
234.672,281.579,192.659,13
231.984,281.568,195.425,13
230.015,279.059,193.286,13
233.309,277.183,192.588,13
234.01,276.74,196.337,13
230.444,275.382,196.759,13
230.927,273.015,193.755,13
234.331,271.814,195.08,13
233.144,270.8,198.584,13
229.85,269.447,197.161,13
231.437,267.295,194.413,13
233.552,265.506,197.061,13
230.347,264.919,199.096,13
228.426,263.61,196.019,13
231.36,261.415,194.847,13
231.862,259.66,198.216,13
228.108,259.206,198.912,13
227.731,257.648,195.439,13
230.663,255.321,196.299,13
228.967,254.421,199.624,13
225.694,253.481,197.865,13
227.55,251.605,195.057,13
229.485,249.416,197.575,13
226.616,249.158,200.133,13