56.175,56.428,26.72,1
52.578,57.749,26.837,1
49.505,57.596,24.549,1
48.111,60.931,23.35,1
44.501,60.911,22.082,1
42.766,63.885,20.578,1
40.056,65.323,18.346,1
39.875,68.165,15.813,1
36.709,70.087,16.578,1
31.967,68.907,18.082,2
34.188,66.395,16.238,2
47.815,65.928,9.247,3
48.459,67.713,12.52,3
51.97,68.474,13.82,3
53.43,68.009,17.363,3
56.261,70.498,18.107,3
56.059,64.741,14.691,4
53.21,64.228,12.175,4
49.896,62.822,13.454,4
47.274,61.748,10.909,4
40.262,61.769,16.118,5
44.021,61.235,16.291,5
46.289,59.029,18.381,5
50.06,58.983,18.868,5
52.579,57.176,21.084,5
55.112,59.743,22.318,5
57.529,60.174,25.176,5
56.896,65.805,27.986,6
55.372,69.06,26.833,6
54.194,69.572,23.238,6
52.473,72.179,21.032,6
49.888,70.577,18.734,6
49.13,72.657,15.604,6
47.427,72.398,12.249,6
47.558,75.733,18.208,7
47.109,74.156,21.692,7
49.524,73.25,24.499,7
49.709,69.603,25.563,7
51.364,68.298,28.734,7
51.771,64.546,28.21,7
47.556,59.032,29.116,8
46.543,62.358,27.823,8
43.465,63.564,25.866,8
43.349,66.878,23.959,8
41.114,68.66,21.46,8
42.228,71.225,18.886,8
39.591,73.771,17.857,8
31.679,75.301,5.892,9
29.879,72.652,7.978,9
27.48,69.851,7.033,9
24.484,69.323,9.364,9
21.536,66.895,9.784,9
22.121,64.773,6.688,9
19.862,62.052,5.577,9
21.073,59.564,2.96,9
18.897,56.908,1.382,9
19.225,54.39,-1.435,9
18.533,55.753,-7.541,10
20.155,57.051,-4.465,10
18.642,60.127,-2.831,10
20.143,62.42,-0.215,10
19.367,65.614,1.673,10
22.134,67.846,2.899,10
22.29,71.278,4.66,10
25.361,73.45,4.399,10
26.412,76.21,6.796,10
28.944,78.783,5.843,10
31.334,76.468,-2.367,11
33.179,74.161,-4.72,11
31.615,70.63,-5.018,11
29.202,68.843,-2.673,11
29.571,65.053,-3.309,11
27.476,62.104,-1.945,11
28.258,61.935,7.081,12
29.464,65.549,7.286,12
27.021,68.405,-7.434,12
21.6,76.891,2.995,13
19.212,73.916,3.451,13
20.171,71.751,0.419,13
18.246,68.604,-0.441,13
20.067,66.509,-3.012,13
19.013,63.381,-4.889,13
21.349,61.22,-6.785,13
20.696,58.279,-9.092,13
26.538,50.177,1.697,14
27.993,53.359,3.212,14
27.175,56.861,2.052,14
28.863,60.254,2.455,14
28.339,63.922,1.742,14
31.237,66.296,1.181,14
31.645,69.988,0.561,14
34.888,71.398,-0.761,14
35.609,75.116,-0.403,14
34.596,68.59,5.09,15
32.234,65.643,5.32,15
26.016,56.684,7,16
25.54,52.916,7.029,16
22.75,51.96,4.678,16