-7.281,9.861,5.365,1.0
-5.172,12.696,3.759,1
-7.676,15.371,4.971,1
-7.826,13.801,8.48,1
-3.974,13.797,8.654,1
-3.913,17.466,7.551,1
-6.545,18.308,10.224,1
-4.4,16.636,12.958,1
-5.173,24.981,18.982,2
-8.281,23.349,17.375,2
-5.946,20.941,15.543,2
-4.031,20.115,18.758,2
-7.325,19.436,20.614,2
-8.603,17.227,17.761,2
-5.36,15.204,17.869,2
-5.487,14.902,21.706,2
-9.038,13.457,21.519,2
-7.937,11.039,18.764,2
-4.839,9.928,20.755,2
-7.088,9.247,23.82,2
-9.364,7.189,21.503,2
-6.951,5.595,18.923,2
-9.26,2.562,18.478,2
-12.078,4.817,17.126,2
-9.648,5.935,14.386,2
-6.951,5.595,18.923,3
-9.26,2.562,18.478,3
-12.078,4.817,17.126,3
-9.648,5.935,14.386,3
-8.492,2.294,13.629,3
-10.018,2.33,10.041,3
-7.472,5.011,9.238,3
-4.403,2.879,10.078,3
6.305,18.753,26.443,4
5.535,14.977,26.076,4
2.182,15.662,24.285,4
3.841,18.194,21.931,4
6.545,15.621,21.066,4
3.871,12.917,20.545,4
1.931,15.088,18.029,4
5.245,16.0,16.322,4
6.268,12.378,15.832,4
2.693,11.508,14.742,4
3.06,14.202,12.014,4
6.603,13.122,11.016,4
5.9,9.355,10.931,4
2.57,9.574,9.066,4
3.773,12.158,6.435,4
9.709,17.246,2.982,5
6.715,19.395,2.192,5
4.702,19.528,5.49,5
8.114,19.205,7.486,5
8.013,22.956,8.048,5
4.339,23.023,9.159,5
4.823,20.04,11.529,5
7.899,21.71,13.131,5
5.923,25.002,13.494,5
2.943,23.17,15.04,5
5.331,21.496,17.54,5
6.739,24.927,18.514,5
3.119,26.192,18.909,5
2.081,23.23,21.158,5
5.139,23.83,23.378,5
4.409,27.625,23.512,5
0.835,26.826,24.724,5
2.339,24.776,27.62,5
4.615,27.777,28.399,5
1.666,30.254,28.616,5
0.646,28.206,31.712,5
7.979,35.311,35.021,6
11.304,33.433,34.869,6
9.474,30.047,34.5,6
7.625,31.407,31.435,6
10.957,32.666,29.972,6
12.741,29.34,30.697,6
9.841,27.387,29.163,6
9.922,29.509,25.956,6
13.737,29.014,25.839,6
13.429,25.186,26.09,6
10.592,25.141,23.506,6
12.871,27.15,21.168,6
15.68,24.591,21.836,6
13.398,21.656,20.857,6
12.089,23.536,17.782,6
15.603,24.447,16.543,6
16.811,20.821,16.984,6
14.04,19.458,14.714,6
14.496,22.469,12.343,6
18.187,21.559,11.771,6
