-9.634,9.853,3.196,1
-7.75,11.346,4.039,1
-6.764,12.731,4.501,1
-6.924,14.029,5.572,1
-6.524,14.372,7.218,1
-5.264,15.048,8.128,1
-4.808,16.537,8.74,1
-3.209,25.123,16.355,2
-5.766,24.612,17.432,2
-6.448,22.988,17.369,2
-6.078,21.357,17.224,2
-5.799,20.093,18.237,2
-6.725,18.868,18.982,2
-7.205,17.268,18.689,2
-6.566,15.746,19.041,2
-6.665,14.489,20.29,2
-7.494,13.093,20.627,2
-7.301,11.47,20.367,2
-6.669,10.029,21.108,2
-8.495,5.11,19.493,3
-9.364,4.328,18.047,3
-10.235,4.368,16.486,3
-10.031,4.23,14.855,3
-9.356,3.433,12.465,3
-8.59,3.177,10.744,3
5.79,17.451,27.76,4
4.648,16.336,25.707,4
3.854,16.164,24.165,4
4.198,16.387,22.517,4
4.773,15.514,21.275,4
4.145,14.47,19.918,4
3.716,14.563,18.273,4
4.461,14.316,16.737,4
4.683,13.17,15.594,4
3.966,12.601,14.134,4
4.096,12.87,12.439,4
5.13,12.117,11.191,4
4.908,10.589,10.235,4
3.968,10.27,8.715,4
4.303,10.451,7.019,4
4.962,9.551,5.79,4
4.543,8.506,4.583,4
6.01,12.572,2.006,5
7.342,15.02,2.663,5
7.786,16.972,2.846,5
6.972,18.521,3.194,5
6.459,19.178,4.821,5
6.942,20.331,6.976,5
6.751,21.624,8.345,5
5.694,21.897,9.678,5
5.646,21.478,11.33,5
6.168,22.098,12.776,5
5.573,23.107,13.988,5
4.774,23.045,15.486,5
5.037,23.051,17.15,5
5.088,24.094,18.431,5
3.99,24.673,19.608,5
3.462,24.323,21.233,5
3.887,24.782,22.776,5
3.464,25.975,23.995,5
2.545,26.338,25.45,5
2.577,26.483,27.099,5
5.614,33.139,34.483,6
8.102,34.325,34.876,6
9.715,33.201,34.84,6
9.614,31.89,33.603,6
9.51,31.595,31.91,6
10.525,31.322,30.653,6
11.221,29.93,29.932,6
10.848,28.821,28.663,6
11.163,28.668,27.029,6
12.328,27.939,26.002,6
12.553,26.534,25.17,6
12.277,25.924,23.627,6
13.069,25.76,22.15,6
14.029,24.613,21.321,6
13.8,23.361,20.222,6
13.762,23.228,18.5,6
14.897,22.899,17.2,6
15.615,21.599,16.12,6
15.272,20.99,14.674,6
