11.462,11.156,4.217,1
8.255,10.337,6.136,1
10.119,8.01,8.594,1
12.862,10.635,9.106,1
10.214,13.358,9.808,1
8.379,10.94,12.176,1
11.565,10.298,14.197,1
12.417,14.077,14.27,1
8.92,14.693,15.765,1
9.692,11.914,18.305,1
12.819,14.005,19.289,1
10.372,16.248,21.123,1
12.504,10.263,27.347,2
12.547,6.63,26.067,2
10.767,7.584,22.766,2
13.212,10.531,22.369,2
16.216,8.191,23.008,2
14.95,5.581,20.518,2
14.344,8.36,17.949,2
17.91,9.71,18.328,2
19.274,6.158,17.919,2
17.076,5.498,14.839,2
18.088,8.817,13.189,2
21.757,7.827,13.734,2
21.044,4.537,11.871,2
19.192,6.295,8.975,2
20.223,11.557,7.064,3
21.619,15.128,7.286,3
18.077,16.538,7.838,3
18.418,14.861,11.244,4
21.6,16.829,12.235,4
20.021,20.174,13.294,4
17.31,18.323,15.395,4
19.886,16,17.08,4
22.056,19.092,17.908,4
18.948,20.369,19.733,4
18.709,16.899,21.413,4
22.341,17.353,22.594,4
21.282,12.499,29.964,5
20.325,9.185,28.196,5
18.777,11.223,25.326,5
21.911,13.462,25.205,5
24.17,10.353,24.971,5
22.029,8.932,22.147,5
22.055,12.297,20.308,5
25.874,12.492,20.453,5
26.218,8.844,19.232,5
23.796,9.555,16.381,5
25.635,12.735,15.252,5
28.877,10.716,15.141,5
27.151,8.149,12.883,5
25.729,10.896,10.542,5
28.238,15.901,9.545,6
30.756,18.671,10.399,6
27.873,20.931,11.637,6
30.756,18.671,10.399,7
27.873,20.931,11.637,7
27.836,18.564,14.615,7
31.532,19.213,15.458,7
31.139,22.506,17.427,7
28.025,21.319,19.405,7
29.867,18.032,20.211,7
32.893,20.054,21.48,7
30.448,21.752,23.887,7
29.135,18.257,24.812,7
32.739,17.332,25.777,7
32.091,19.671,28.697,7
30.498,11.601,32.088,8
28.825,9.163,29.641,8
27.645,12.145,27.492,8
31.279,13.411,27.449,8
32.39,9.884,26.416,8
29.802,9.652,23.582,8
30.779,13.148,22.388,8
34.493,12.172,22.264,8
33.663,8.941,20.331,8
31.443,10.905,17.912,8
34.201,13.501,17.308,8
36.586,10.623,16.477,8
34.033,9.237,13.972,8
33.614,12.695,12.281,8
37.548,16.824,12.173,9
40.852,18.516,13.234,9
38.751,21.166,15.11,9
40.852,18.516,13.234,10
38.751,21.166,15.11,10
38.096,18.379,17.624,10
41.853,17.703,18.181,10
42.592,20.411,20.806,10
39.369,19.849,22.913,10
40.01,16.051,22.743,10
43.532,16.622,24.162,10
41.844,18.426,27.101,10
39.456,15.402,27.425,10
42.578,13.224,27.871,10
42.732,14.988,31.23,10
38.555,7.079,33.085,11
36.086,6.067,30.299,11
36.107,9.671,28.948,11
39.942,9.539,28.886,11
39.776,6.134,27.047,11
37.395,7.596,24.442,11
39.486,10.764,23.945,11
42.662,8.706,23.338,11
40.789,6.47,20.838,11
39.305,9.517,19.022,11
42.775,11.172,18.777,11
44.02,7.934,17.195,11
41.132,7.988,14.657,11
46.87,14.377,13.932,12
50.471,14.263,15.124,12
49.526,17.208,17.506,12
50.471,14.263,15.124,13
49.526,17.208,17.506,13
48.185,14.448,19.807,13
51.561,12.593,20.162,13
52.977,14.303,23.291,13
49.566,14.284,25.094,13
49.13,10.553,24.271,13
52.654,9.758,25.524,13
51.829,11.424,28.868,13
48.61,9.3,28.858,13
50.938,6.199,28.787,13
51.58,7.276,32.443,13
45.501,0.505,32.663,14
42.803,0.739,29.962,14
43.523,4.495,29.425,14
47.23,3.548,29.12,14
46.333,0.773,26.617,14
44.072,3.106,24.556,14
46.916,5.677,24.413,14
49.371,2.981,23.194,14
46.914,1.907,20.443,14
46.327,5.577,19.463,14
50.132,6.129,19.143,14
50.227,3.131,16.789,14
47.317,4.492,14.653,14
58.222,10.238,12.427,15
57.372,12.24,15.636,15
55.724,9.098,17.087,15
58.86,7.12,16.144,15
61.215,9.741,17.704,15
59.16,9.97,20.919,15
59.057,6.143,21.229,15
62.876,6.042,20.862,15
63.292,8.55,23.752,15
60.933,6.379,25.864,15
62.884,3.18,24.893,15
66.021,5.019,26.171,15
64.735,6.752,29.337,15
57.269,0.288,33.049,16
54.361,0.217,30.599,16
55.606,3.257,28.608,16
59.011,1.541,28.04,16
57.294,-1.736,26.895,16
55.038,0.226,24.483,16
58.054,2.121,23.1,16
60.097,-1.098,22.6,16
57.392,-3.231,20.925,16
56.474,-0.257,18.67,16
60.105,0.195,17.492,16
60.322,-3.578,16.831,16
56.965,-3.794,14.924,16