10.78,9.081,5.829,1
10.78,10.081,9.829,1
10.78,12.081,13.829,1
10.78,13.081,16.829,1
10.78,14.081,19.829,1
10.78,10.081,26.829,2
10.78,9.081,25.829,2
11.78,9.081,24.829,2
14.78,8.081,20.829,2
17.78,7.081,16.829,2
18.78,7.081,13.829,2
20.78,7.081,11.829,2
19.78,17.081,11.829,3
19.78,17.081,12.829,3
19.78,18.081,14.829,3
19.78,18.081,18.829,3
20.78,18.081,22.829,3
17.78,15.081,29.829,4
18.78,13.081,27.829,4
20.78,12.081,26.829,4
22.78,11.081,21.829,4
25.78,10.081,16.829,4
25.78,10.081,14.829,4
26.78,10.081,12.829,4
27.78,16.081,31.829,5
28.78,13.081,29.829,5
29.78,11.081,27.829,5
29.78,11.081,26.829,5
30.78,11.081,25.829,5
30.78,11.081,23.829,5
31.78,11.081,22.829,5
32.78,10.081,18.829,5
33.78,10.081,15.829,5
34.78,10.081,14.829,5
35.78,10.081,13.829,5
56.78,1.081,29.829,6
56.78,1.081,28.829,6
56.78,1.081,27.829,6
56.78,0.0810013,22.829,6
57.78,-0.918999,17.829,6
57.78,-1.919,15.829,6
57.78,-1.919,14.829,6
56.78,10.081,14.829,7
57.78,9.081,15.829,7
58.78,9.081,17.829,7
59.78,8.081,19.829,7
61.78,7.081,22.829,7
61.78,6.081,23.829,7
62.78,6.081,24.829,7
62.78,6.081,25.829,7
63.78,6.081,26.829,7
43.78,3.081,31.829,8
43.78,3.081,29.829,8
44.78,3.081,28.829,8
44.78,3.081,27.829,8
45.78,3.081,26.829,8
46.78,4.081,20.829,8
48.78,6.081,15.829,8
36.78,12.081,33.829,9
36.78,10.081,31.829,9
37.78,8.081,29.829,9
38.78,8.081,24.829,9
40.78,9.081,19.829,9
41.78,9.081,17.829,9
42.78,9.081,15.829,9
29.78,20.081,15.829,10
29.78,20.081,17.829,10
30.78,20.081,19.829,10
30.78,19.081,22.829,10
31.78,19.081,25.829,10
41.78,14.081,28.829,11
41.78,15.081,26.829,11
41.78,17.081,24.829,11
40.78,17.081,23.829,11
40.78,18.081,22.829,11
40.78,18.081,20.829,11
40.78,19.081,19.829,11
49.78,7.081,30.829,12
49.78,9.081,27.829,12
50.78,12.081,24.829,12
50.78,13.081,23.829,12
50.78,14.081,22.829,12
