-4.2,8.292,7.907,1
-7.305,9.873,9.54,1
-6.748,12.555,12.332,1
-10.009,13.904,13.715,1
-9.889,16.775,16.328,1
-13.367,17.012,18.013,1
-13.675,20.066,20.228,1
-16.876,19.637,21.96,1
-18.055,23.309,22.478,1
-21.1,22.326,24.56,1
-22.41,21.253,19.945,2
-19.56,18.991,18.704,2
-16.894,20.109,16.24,2
-14.491,17.908,14.293,2
-11.512,18.14,11.922,2
-11.044,14.892,9.915,2
-12.26,17.909,5.969,3
-14.173,20.123,8.396,3
-17.025,18.477,10.203,3
-19.479,19.224,12.982,3
-22.592,17.914,14.643,3
-25.261,19.921,16.445,3
-28.236,18.518,18.354,3
-31.167,19.018,20.685,3
-32.766,16.78,16.758,4
-29.391,16.013,15.195,4
-27.688,17.993,12.435,4
-24.485,16.518,10.884,4
-22.269,18.535,8.478,4
-19.273,17.264,6.506,4
-17.213,19.588,4.247,4
-14.235,18.524,2.117,4
-11.97,20.971,0.207,4
-9.336,19.403,-2.134,4
-13.256,19.174,-5.496,5
-16.019,20.211,-3.067,5
-18.475,17.871,-1.244,5
-21.181,18.574,1.418,5
-23.134,15.986,3.535,5
-26.137,16.98,5.71,5
-28.157,14.809,8.134,5
-31.38,16.245,9.753,5
-37.929,12.337,9.927,6
-34.205,12.383,8.97,6
-31.884,13.6,6.29,6
-28.589,12.695,4.639,6
-26.934,14.618,1.799,6
-23.86,15.223,-0.282,6
-26.904,13.569,-3.327,7
-29.989,14.389,-1.278,7
-31.732,11.903,0.986,7
-34.922,12.603,2.925,7
-36.169,9.835,5.299,7
-39.644,9.539,7.012,7
-44.137,-2.136,13.396,8
-42.527,0.835,11.572,8
-42.657,2.51,8.149,8
-39.824,4.542,6.582,8
-39.724,6.828,3.508,8
-36.187,7.107,2.018,8
-35.631,9.446,-0.91,8
-32.498,9.471,-3.14,8
-35.617,15.57,-8.619,9
-38.79,17,-10.13,9
-39.95,17.76,-13.68,9
-43.64,14.754,-13.21,10
-40.91,13.458,-10.89,10
-35.808,9.861,-8.157,11
-35.704,6.968,-5.723,11
-38.64,6.732,-3.281,11
-38.294,3.648,-1.042,11
-41.029,2.61,1.362,11
-40.081,0.111,4.094,11
-42.359,-1.754,6.531,11
-41.511,-4.199,9.296,11
-43.693,-5.958,11.856,11
-43.107,-8.626,14.468,11
-39.529,-13.503,14.966,12
-40.268,-10.666,12.55,12
-41.082,-10.067,8.909,12
-40.585,-6.996,6.74,12
-40.425,-5.827,3.159,12
-38.462,-3.031,1.495,12
-40.413,-1.639,-1.496,12
-37.722,0.104,-3.548,12
-39.291,2.382,-6.172,12
-37.13,4.485,-8.513,12
-38.104,6.719,-11.443,12
-40.375,3.468,-12.604,13
-37.953,0.667,-11.702,13
-39.203,-1.206,-8.607,13
-37.907,-4.054,-6.493,13
-39.403,-5.831,-3.482,13
-37.001,-7.023,-0.778,13
-38.425,-9.701,1.548,13
-36.776,-9.423,4.98,13
-36.951,-11.979,7.791,13
-35.672,-11.749,11.386,13
-35.208,-14.508,13.916,13
-30.166,-13.246,15.967,14
-30.582,-14.647,12.483,14
-31.454,-12.205,9.693,14
-32.108,-12.505,5.977,14
-32.514,-9.887,3.205,14
-33.895,-11.091,-0.156,14
-33.836,-8.113,-2.486,14
-27.915,-11.854,2.465,15
-28.019,-13.901,5.76,15
-26.529,-12.946,9.118,15
-26.175,-14.362,12.673,15
-25.204,-12.277,15.75,15
-24.324,-13.785,19.17,15
-22.767,-12.189,22.278,15
-20.187,-14.518,23.89,15
-19.593,-12.379,27.013,15
-16.843,-10.227,23.73,16
-19.35,-10.523,20.853,16
-19.432,-12.413,17.559,16
-21.228,-12.453,14.221,16
-21.462,-14.386,10.957,16
-22.579,-12.931,7.635,16
-23.189,-14.27,4.113,16
-23.817,-12.242,0.951,16
-25.296,-14.039,-2.084,16
-21.32,-15.352,-2.326,17
-19.053,-14.113,0.49,17
-19.091,-15.397,4.07,17
-17.511,-13.516,6.957,17
-16.794,-14.469,10.57,17
-15.97,-11.883,13.217,17
-15.599,-11.063,16.86,17
-15.313,-7.979,19.018,17
-13.339,-7.592,22.203,17
-10.247,-0.1,24.185,
-12.264,-1.548,21.309,18
-11.157,-4.46,19.157,18
-12.544,-5.959,15.971,18
-11.371,-8.98,14.052,18
-12.933,-10.682,11.031,18
-12.284,-13.306,8.419,18
-13.737,-12.07,5.092,18
-12.563,-14.996,2.985,18
-8.47,-12.216,3.547,19
-8.576,-11.276,7.254,19
-9.149,-7.789,8.772,19
-8.119,-6.532,12.268,19
-8.964,-3.204,13.94,19
-7.45,-1.985,17.215,19
-8.79,1.12,19.048,19
-7.121,2.433,22.206,19
-8.368,5.3,24.37,19
-7.647,10.851,22.825,20
-7.871,7.537,20.994,20
-5.569,5.794,18.552,20
-6.806,3.345,15.914,20
-4.819,0.98,13.721,20
-6.384,-1.09,10.931,20
-4.878,-4.019,8.995,20
-6.237,-6.002,6.026,20
-4.234,-9.046,4.9,20
-4.747,-10.71,1.52,20
-0.065,-8.386,0.842,21
-0.923,-6.246,3.878,21
-2.857,-3.005,3.882,21
-2.421,-0.974,7.068,21
-3.998,2.374,8.017,21
-4.326,4.693,10.997,21
-6.966,6.94,12.596,21
-6.439,9.432,15.417,21
-9.313,11.038,17.309,21
-8.695,13.802,19.909,21