-21,22,24,1
-20,21,23,1
-19,20,22,1
-18,19,21,1
-17,18,20,1
-16,18,19,1
-15,17,18,1
-14,16,17,1
-13,15,16,1
-12,14,15,1
-11,13,14,1
-10,12,13,1
-9,11,12,1
-8,11,11,1
-7,10,10,1
-6,9,9,1
-5,8,8,1
-8,14,8,2
-9,15,9,2
-10,15,10,2
-11,16,11,2
-12,16,11,2
-13,17,12,2
-14,17,13,2
-15,18,14,2
-16,18,15,2
-17,19,16,2
-18,19,17,2
-19,20,17,2
-20,20,18,2
-21,21,19,2
-22,21,20,2
-12,18,6,3
-13,18,7,3
-14,18,8,3
-15,18,8,3
-16,18,9,3
-17,18,10,3
-18,18,11,3
-19,18,12,3
-20,18,12,3
-21,18,13,3
-22,19,14,3
-23,19,15,3
-24,19,15,3
-25,19,16,3
-26,19,17,3
-27,19,18,3
-28,19,19,3
-29,19,19,3
-30,19,20,3
-31,19,21,3
-32,17,17,4
-31,17,16,4
-30,17,15,4
-29,18,14,4
-28,18,14,4
-27,18,13,4
-26,18,12,4
-25,18,11,4
-24,19,10,4
-23,19,9,4
-22,19,8,4
-21,19,8,4
-20,19,7,4
-19,20,6,4
-18,20,5,4
-17,20,4,4
-16,20,3,4
-15,20,3,4
-14,21,2,4
-13,21,1,4
-12,21,0,4
-34,16,12,5
-33,16,11,5
-32,16,10,5
-31,17,9,5
-30,17,9,5
-29,17,8,5
-28,17,7,5
-27,18,6,5
-26,18,5,5
-25,18,4,5
-24,18,4,5
-23,18,3,5
-22,19,2,5
-21,19,1,5
-20,19,0,5
-19,19,-1,5
-18,20,-1,5
-17,20,-2,5
-16,20,-3,5
-38,13,10,6
-37,13,9,6
-36,14,8,6
-35,14,8,6
-34,14,7,6
-33,15,6,6
-32,15,5,6
-31,15,4,6
-30,16,4,6
-29,16,3,6
-28,16,2,6
-27,17,1,6
-26,17,0,6
-25,17,0,6
-24,18,-1,6
-23,18,-2,6
-27,14,-3,7
-28,13,-2,7
-29,13,-1,7
-30,12,0,7
-31,12,1,7
-32,11,2,7
-33,10,3,7
-34,10,4,7
-35,9,5,7
-36,9,6,7
-37,8,7,7
-38,8,8,7
-39,7,9,7
-40,6,10,7
-41,6,11,7
-42,5,12,7
-43,5,13,7
-44,4,14,7
-44,-2,14,8
-43,-1,13,8
-43,-1,12,8
-42,0,11,8
-41,1,10,8
-41,2,9,8
-40,2,8,8
-39,3,7,8
-39,4,6,8
-38,4,5,8
-38,5,4,8
-37,6,3,8
-36,6,2,8
-36,7,1,8
-35,8,0,8
-34,9,-1,8
-34,9,-2,8
-33,10,-3,8
-36,10,-8,9
-36,9,-7,9
-37,8,-6,9
-37,7,-5,9
-37,7,-4,9
-38,6,-3,9
-38,5,-2,9
-38,4,-1,9
-39,3,0,9
-39,2,1,9
-39,1,2,9
-40,0,3,9
-40,0,4,9
-40,-1,5,9
-40,-2,6,9
-41,-3,7,9
-41,-4,8,9
-41,-5,9,9
-42,-6,10,9
-42,-6,11,9
-42,-7,12,9
-43,-8,13,9
-43,-9,14,9
-40,-13,15,10
-40,-12,14,10
-40,-11,13,10
-40,-11,12,10
-40,-10,11,10
-39,-9,10,10
-39,-8,9,10
-39,-8,8,10
-39,-7,7,10
-39,-6,6,10
-39,-5,5,10
-39,-5,4,10
-39,-4,3,10
-38,-3,2,10
-38,-2,1,10
-38,-1,0,10
-38,-1,-1,10
-38,0,-2,10
-38,1,-3,10
-38,2,-4,10
-38,2,-5,10
-38,3,-6,10
-37,4,-7,10
-37,5,-8,10
-37,5,-9,10
-37,6,-10,10
-37,7,-11,10
-34,-13,17,11
-34,-12,16,11
-34,-12,15,11
-35,-11,14,11
-35,-11,13,11
-35,-10,12,11
-35,-10,11,11
-35,-9,10,11
-36,-9,9,11
-36,-8,8,11
-36,-8,7,11
-36,-7,6,11
-36,-7,5,11
-37,-6,4,11
-37,-6,3,11
-37,-5,2,11
-37,-4,1,11
-37,-4,0,11
-38,-3,-1,11
-38,-3,-2,11
-38,-2,-3,11
-38,-2,-4,11
-38,-1,-5,11
-39,-1,-6,11
-39,0,-7,11
-39,0,-8,11
-39,1,-9,11
-39,1,-10,11
-40,2,-11,11
-40,2,-12,11
-40,3,-13,11
-34,-10,0,12
-34,-10,1,12
-33,-11,2,12
-33,-11,3,12
-33,-11,4,12
-33,-11,5,12
-32,-12,6,12
-32,-12,7,12
-32,-12,8,12
-32,-12,9,12
-31,-13,10,12
-31,-13,11,12
-31,-13,12,12
-31,-13,13,12
-30,-14,14,12
-30,-14,15,12
-30,-14,16,12
-23,-13,22,13
-23,-13,21,13
-24,-13,20,13
-24,-13,19,13
-24,-13,18,13
-25,-13,17,13
-25,-13,16,13
-25,-13,15,13
-26,-13,14,13
-26,-13,13,13
-26,-13,12,13
-27,-13,11,13
-27,-13,10,13
-27,-13,9,13
-27,-13,8,13
-28,-13,7,13
-28,-13,6,13
-28,-13,5,13
-29,-13,4,13
-29,-13,3,13
-29,-13,2,13
-30,-13,1,13
-30,-13,0,13
-25,-13,-6,14
-25,-13,-5,14
-24,-13,-4,14
-24,-13,-3,14
-24,-13,-2,14
-24,-12,-1,14
-23,-12,0,14
-23,-12,1,14
-23,-12,2,14
-23,-12,3,14
-22,-12,4,14
-22,-12,5,14
-22,-12,6,14
-22,-12,7,14
-21,-12,8,14
-21,-11,9,14
-21,-11,10,14
-20,-11,11,14
-20,-11,12,14
-20,-11,13,14
-20,-11,14,14
-19,-11,15,14
-19,-11,16,14
-19,-11,17,14
-19,-11,18,14
-18,-10,19,14
-18,-10,20,14
-18,-10,21,14
-18,-10,22,14
-17,-10,23,14
-17,-10,24,14
-13,-7,22,15
-13,-7,21,15
-14,-8,20,15
-14,-8,19,15
-14,-8,18,15
-15,-9,17,15
-15,-9,16,15
-15,-9,15,15
-16,-10,14,15
-16,-10,13,15
-16,-10,12,15
-17,-11,11,15
-17,-11,10,15
-17,-11,9,15
-18,-12,8,15
-18,-12,7,15
-18,-12,6,15
-18,-12,5,15
-19,-13,4,15
-19,-13,3,15
-19,-13,2,15
-20,-14,1,15
-20,-14,0,15
-20,-14,-1,15
-21,-15,-2,15
-21,-15,-3,15
-21,-15,-4,15
-22,-16,-5,15
-22,-16,-6,15
-12,-15,4,16
-12,-14,5,16
-12,-13,6,16
-12,-13,7,16
-12,-12,8,16
-12,-11,9,16
-12,-10,10,16
-12,-10,11,16
-12,-9,12,16
-12,-8,13,16
-11,-7,14,16
-11,-7,15,16
-11,-6,16,16
-11,-5,17,16
-11,-4,18,16
-11,-4,19,16
-11,-3,20,16
-11,-2,21,16
-11,-1,22,16
-11,-1,23,16
-11,0,24,16
-8,5,25,17
-8,4,24,17
-8,3,23,17
-8,2,22,17
-8,2,21,17
-8,1,20,17
-8,0,19,17
-8,-1,18,17
-8,-2,17,17
-8,-3,16,17
-8,-4,15,17
-9,-4,14,17
-9,-5,13,17
-9,-6,12,17
-9,-7,11,17
-9,-8,10,17
-9,-9,9,17
-9,-10,8,17
-9,-10,7,17
-9,-11,6,17
-9,-12,5,17
-9,-13,4,17
-8,10,23,18
-8,9,22,18
-8,8,21,18
-7,7,20,18
-7,6,19,18
-7,5,18,18
-7,4,17,18
-7,3,16,18
-6,2,15,18
-6,1,14,18
-6,0,13,18
-6,-1,12,18
-6,-2,11,18
-6,-3,10,18
-5,-4,9,18
-5,-5,8,18
-5,-6,7,18
-5,-7,6,18
-5,-8,5,18
-4,-9,4,18
-4,-10,3,18
-4,-11,2,18
-11,16,22,19
-11,15,21,19
-10,14,20,19
-10,13,19,19
-9,12,19,19
-9,11,18,19
-9,10,17,19
-8,9,16,19
-8,8,15,19
-7,7,14,19
-7,6,14,19
-7,5,13,19
-6,4,12,19
-6,3,11,19
-5,2,10,19
-5,1,9,19
-5,0,9,19
-4,-1,8,19
-4,-2,7,19
-3,-3,6,19
-3,-4,5,19
-3,-5,4,19
-2,-6,4,19
-2,-7,3,19
-1,-8,2,19
-1,-9,1,19