18.394,11.065,4.416,1
17.407,14.677,5.341,1
14.355,14.57,3.05,1
13.367,11.237,4.692,1
13.838,12.792,8.184,1
11.783,15.902,7.239,1
8.976,13.598,5.85,1
8.983,11.32,8.971,1
8.873,14.567,11.071,1
5.634,15.552,9.243,1
4.156,12.012,9.633,1
4.916,11.76,13.384,1
3.695,15.363,13.973,1
0.336,14.476,12.27,1
0.124,11.139,14.204,1
6.194,12.602,20.287,2
8.835,9.865,20.924,2
9.434,9.128,17.205,2
9.32,12.885,16.48,2
11.992,13.647,19.126,2
14.384,10.957,17.79,2
13.938,12.112,14.158,2
14.434,15.823,15.063,2
17.533,15.123,17.194,2
19.137,12.965,14.432,2
18.356,15.699,11.83,2
20.003,18.233,14.167,2
23.176,16.061,14.546,2
23.522,15.649,10.724,2
23.187,19.415,10.169,2
25.579,20.17,13.105,2
28.288,17.954,11.526,2
27.836,19.852,8.19,2
28.209,23.161,10.156,2
31.362,21.83,11.999,2
32.792,21.014,8.504,2
26.411,9.517,2.29,3
29.289,7.82,4.206,3
29.674,10.78,6.585,3
25.875,10.552,7.2,3
26.239,6.826,8.076,3
29.061,7.802,10.499,3
26.808,10.336,12.325,3
23.853,7.872,12.429,3
26.161,5.207,13.952,3
27.411,7.829,16.467,3
23.795,8.723,17.493,3
23.086,5.011,17.927,3
26.278,4.512,20.021,3
25.458,7.49,22.324,3
22.035,5.894,22.986,3
23.402,2.294,23.567,3
25.919,3.735,26.092,3
23.108,5.767,27.799,3
20.899,2.614,28.075,3
23.811,0.86,29.824,3
24.28,3.805,32.245,3
20.556,4.141,33.099,3
20.541,0.347,33.774,3
23.514,0.944,36.146,3
14.322,1.26,34.364,4
11.872,3.918,33.031,4
14.776,5.898,31.457,4
16.225,2.543,30.259,4
12.874,1.946,28.478,4
12.912,5.535,27.056,4
16.377,4.987,25.529,4
15.268,1.553,24.231,4
12.347,3.202,22.337,4
14.761,5.794,20.927,4
16.996,2.888,19.733,4
14.173,0.901,18.017,4
13.071,4.087,16.164,4
16.685,4.997,15.192,4
17.459,1.449,13.926,4
14.661,1.93,11.315,4
17.131,4.605,9.904,4
14.661,1.93,11.315,5
17.131,4.605,9.904,5
20.26,2.327,9.695,5
30.032,-7.956,18.088,6
30.404,-11.72,17.304,6
29.286,-11.12,13.671,6
31.618,-8.082,13.445,6
34.569,-10.198,14.822,6
33.806,-12.783,12.085,6
33.93,-10.052,9.347,6
37.162,-8.647,10.908,6
38.929,-12.053,10.827,6
37.574,-12.82,7.337,6
38.9,-9.502,5.963,6
42.287,-9.799,7.747,6
42.674,-13.259,6.161,6
41.512,-12.329,2.588,6
50.611,-6.773,11.586,7
49.407,-3.356,12.817,7
51.264,-1.884,9.764,7
49.407,-3.356,12.817,8
51.264,-1.884,9.764,8
48.604,-3.591,7.53,8
45.855,-1.652,9.396,8
45.22,0.78,6.483,8
44.791,-2.167,4.003,8
42.396,-3.98,6.312,8
40.353,-0.873,7.264,8
39.954,-0.013,3.544,8
38.536,-3.514,2.801,8
36.333,-3.87,5.955,8
34.704,-0.402,5.69,8
32.611,-1.333,2.571,8
31.425,-4.471,4.499,8
30.622,-2.788,7.907,8
33.451,3.033,13.816,9
35.322,3.036,17.162,9
34.455,-0.682,17.702,9
35.607,-1.622,14.142,9
38.997,0.127,14.553,9
39.355,-1.441,18.064,9
38.652,-4.989,16.846,9
40.852,-4.805,13.711,9
43.812,-3.307,15.674,9
43.332,-5.937,18.447,9
43.487,-8.837,15.932,9