23.346,32.766,-0.366,1
21.921,35.31,2.156,1
19.451,32.621,3.179,1
22.3,30.111,3.73,1
24.16,32.752,5.821,1
20.983,33.294,7.94,1
20.838,29.511,8.423,1
24.571,29.186,9.242,1
24.548,32.023,11.805,1
21.502,30.623,13.696,1
22.806,27.001,13.576,1
26.165,28.407,14.818,1
24.237,29.952,17.75,1
22.337,26.727,18.717,1
30.777,36.237,1.861,2
32.983,37.977,-0.779,2
31.497,41.144,-2.303,2
30.906,39.82,-5.827,2
31.096,43.024,-7.897,2
30.082,32.225,-13.299,3
33.376,31.005,-11.71,3
32.764,32.848,-8.368,3
29.142,31.602,-8.416,3
30.436,28.044,-9.249,3
32.993,28.118,-6.354,3
30.205,29.393,-4.059,3
27.897,26.577,-5.339,3
30.537,23.922,-4.492,3
31.163,25.518,-1.052,3
27.405,25.724,-0.322,3
27.013,22.093,-1.455,3
29.797,20.994,0.956,3
28.206,23.118,3.768,3
24.709,21.6,3.349,3
25.997,18.025,2.867,3
27.943,18.32,6.164,3
24.914,19.598,8.153,3
22.593,16.867,6.675,3
25.233,14.287,7.692,3
24.914,19.598,8.153,4
22.593,16.867,6.675,4
25.233,14.287,7.692,4
24.974,15.384,11.339,4
21.797,13.725,12.867,4
21.351,16.714,15.293,4
13.796,23.166,12.901,5
15.708,25.815,10.93,5
17.511,23.244,8.718,5
14.284,21.295,8.063,5
12.264,24.427,7.133,5
15.204,25.655,5.024,5
15.484,22.375,3.068,5
11.741,21.567,2.719,5