36.299,17.268,34.638,1
38.957,15.411,36.567,1
41.156,13.38,34.288,1
36.922,23.496,35.036,2
39.139,20.596,33.919,2
42.157,19.366,35.782,2
44.415,16.416,35.11,2
46.038,14.442,37.956,2
48.971,12.182,37.348,2
50.45,9.931,39.911,2
53.835,8.91,38.931,2
53.89,17.364,44.012,3
54.594,19.497,40.975,3
51.825,21.761,39.639,3
51.73,22.875,36.02,3
49.215,25.624,35.148,3
39.741,28.875,27.796,4
37.288,27.299,25.294,4
38.519,26.515,31.642,5
41.584,24.251,31.637,5
43.37,24.527,35.026,5
46.433,22.305,34.472,5
48.114,19.05,35.516,5
49.213,17.95,38.996,5
51.923,15.345,39.008,5
52.448,13.5,42.283,5
55.209,10.983,43.01,5