46.978,59.26,55.316,1
46.228,59.162,53.94,1
44.81,58.54,53.369,1
43.178,59.19,53.165,1
42.276,59.964,51.885,1
41.224,59.552,50.598,1
39.613,59.399,50.14,1
38.414,60.247,49.436,1
37.573,56.32,40.227,2
40.316,56.313,39.509,2
41.687,56.061,40.782,2
41.874,55.523,42.332,2
42.216,53.921,43.032,2
43.562,52.901,43.51,2
44.486,52.533,44.901,2
44.44,51.438,46.198,2
45.068,49.946,46.643,2
46.27,49.296,47.478,2
46.304,48.803,57.358,3
43.636,48.524,58.703,3
42.034,49.567,59.046,3
41.266,51.035,58.63,3
40.174,51.592,57.474,3
38.496,51.723,57.302,3
37.184,52.905,57.648,3
36.204,54.125,56.943,3
34.701,54.308,56.25,3
33.087,54.721,56.654,3
23.529,61.582,51.498,4
24.357,60.877,48.729,4
25.877,60.03,48.115,4
27.229,59.138,48.766,4
27.463,57.41,49.085,4
28.003,56.012,48.148,4
29.467,55.211,47.794,4
30.457,53.956,48.347,4
30.703,52.353,48.09,4
31.729,51.376,47.13,4
33.236,50.567,47.218,4
33.837,49.019,47.609,4
34.185,47.563,46.796,4
35.536,46.776,46.068,4
36.785,45.723,46.476,4
37.199,44.048,46.476,4
42.773,41.649,48.623,5
43.142,40.445,50.995,5
41.931,40.956,52.503,5
40.379,41.618,53.316,5
38.994,41.068,53.982,5
38.451,40.625,55.607,5
37.724,41.221,56.957,5
36.11,41.384,57.591,5
15.549,65.27,46.418,6
15.656,63.673,44.15,6
16.325,62.075,44.297,6
16.503,60.75,45.388,6
15.725,59.268,45.853,6
16.006,57.617,45.332,6
17.123,56.323,45.821,6
17.543,54.715,47.058,6
17.714,52.99,47.391,6
18.927,51.79,47.437,6
20.057,50.956,48.53,6
20.204,49.577,49.515,6
20.777,47.994,49.215,6
22.417,47.216,49.308,6
23.413,46.372,50.475,6
23.765,44.793,51.034,6
24.868,43.527,50.797,6
26.323,42.924,51.433,6
26.891,41.8,52.588,6
27.352,40.202,52.665,6
28.754,39.164,52.613,6
29.781,38.432,53.647,6
29.896,36.896,54.502,6
30.61,35.321,54.353,6
31.958,34.458,54.798,6
32.482,33.399,56.034,6
32.3,16.71,49.198,7
30.644,16.043,51.237,7
29.876,17.466,52.339,7
29.655,19.15,52.212,7
28.375,20.247,51.441,7
26.98,21.074,51.641,7
26.696,22.674,52.141,7
26.693,24.424,51.152,7
25.445,25.834,50.13,7
24.565,27.362,50.185,7
24.669,29.107,49.972,7
24.411,30.306,48.873,7
23.206,31.375,48.396,7
22.728,32.969,48.693,7
22.959,34.462,47.997,7
22.181,35.451,46.845,7
20.952,36.716,46.662,7
20.856,38.362,46.561,7
23.505,57.279,35.868,8
25.695,57.091,37.716,8
25.978,55.58,38.955,8
25.536,53.956,38.989,8
26.305,52.487,38.364,8
27.38,51.198,38.704,8
27.336,49.632,39.286,8
27.217,47.981,38.686,8
28.183,46.545,38.231,8
28.711,45.187,38.939,8
28.205,43.588,39.097,8
28.346,42.028,38.399,8
29.275,40.572,38.505,8
29.092,39.099,39.323,8
28.346,37.451,39.029,8
28.762,35.838,38.392,8
29.419,34.46,39.111,8
28.783,33.075,39.907,8
28.229,31.52,39.531,8
28.733,29.886,39.436,8
28.744,28.588,40.447,8
27.736,27.243,40.794,8
27.564,25.665,40.22,8
28.078,24.014,40.49,8
27.568,22.619,41.328,8
26.733,21.156,41.136,8
27.015,19.564,40.845,8
27.259,18.138,41.583,8
26.22,16.768,42.147,8
25.665,15.258,41.585,8
19.343,11.489,53.088,9
19.56,12.786,52.087,9
18.996,13.734,50.85,9
18.144,15.195,50.529,9
18.383,16.765,50.135,9
18.386,17.649,48.716,9
17.441,18.576,47.595,9
17.034,20.244,47.198,9
17.594,21.538,46.129,9
17.305,22.128,44.66,9
16.289,23.276,43.983,9
16.35,24.898,43.628,9
16.688,26.013,42.185,9
16.045,26.958,40.767,9
15.56,28.512,40.38,9
16.229,29.905,39.692,9
16.574,30.894,38.273,9
16.146,32.225,37.349,9
16.605,33.87,37.193,9
17.662,34.906,36.242,9
17.712,35.921,34.875,9
17.589,37.51,34.424,9
18.608,38.865,34.084,9
19.43,39.627,32.797,9
19.334,40.924,31.607,9
19.723,42.432,31.176,9
20.762,43.248,30.294,9
20.888,43.92,28.76,9
