-25,40,-53,1
-25,39,-54,1
-25,38,-54,1
-26,37,-55,1
-26,36,-56,1
-26,35,-57,1
-26,34,-57,1
-26,33,-58,1
-26,32,-59,1
-27,31,-60,1
-27,30,-60,1
-27,29,-61,1
-36,25,-62,2
-35,26,-61,2
-35,27,-60,2
-34,28,-59,2
-34,29,-58,2
-33,30,-57,2
-32,31,-56,2
-32,32,-55,2
-31,33,-54,2
-31,34,-53,2
-30,35,-52,2
-29,36,-51,2
-29,37,-50,2
-28,38,-49,2
-28,39,-48,2
-27,40,-47,2
-30,24,-53,3
-30,24,-52,3
-29,24,-51,3
-29,24,-50,3
-29,24,-49,3
-28,24,-48,3
-28,25,-47,3
-27,25,-46,3
-27,25,-45,3
-27,25,-44,3
-26,25,-43,3
-26,25,-42,3
-25,29,-45,4
-25,28,-46,4
-25,28,-47,4
-25,27,-48,4
-25,27,-49,4
-24,26,-50,4
-24,25,-51,4
-24,25,-52,4
-24,24,-53,4
-24,24,-54,4
-24,23,-55,4
-24,23,-56,4
-24,22,-57,4
-23,21,-58,4
-23,21,-59,4
-23,20,-60,4
-23,20,-61,4
-23,19,-62,4
-21,36,-41,5
-21,35,-42,5
-21,34,-43,5
-21,33,-44,5
-20,33,-45,5
-20,32,-46,5
-20,31,-47,5
-20,30,-48,5
-20,29,-49,5
-20,28,-50,5
-19,28,-51,5
-19,27,-52,5
-19,26,-53,5
-19,25,-54,5
-19,24,-55,5
-19,23,-56,5
-18,23,-57,5
-18,22,-58,5
-18,21,-59,5
-18,20,-60,5
-21,39,-43,6
-21,38,-44,6
-20,37,-45,6
-20,36,-46,6
-20,36,-47,6
-19,35,-48,6
-19,34,-49,6
-18,33,-50,6
-18,32,-51,6
-18,31,-52,6
-17,30,-53,6
-17,30,-54,6
-17,29,-55,6
-16,28,-56,6
-16,27,-57,6
-12,30,-55,7
-13,31,-55,7
-13,32,-55,7
-14,33,-54,7
-14,34,-54,7
-15,35,-54,7
-15,36,-54,7
-22,38,-58,8
-22,37,-59,8
-22,36,-59,8
-22,35,-60,8
-22,34,-60,8
-23,33,-61,8
-23,32,-61,8
-23,31,-62,8
-23,30,-62,8
-23,29,-63,8
-40,27,-62,9
-39,28,-61,9
-39,28,-60,9
-38,29,-59,9
-38,29,-58,9
-37,30,-57,9
-37,31,-56,9
-36,31,-55,9
-36,32,-54,9
-35,33,-53,9
-34,33,-52,9
-34,34,-51,9
-33,34,-50,9
-33,35,-49,9
-32,36,-48,9
-32,36,-47,9
-31,37,-46,9
-31,37,-45,9
-30,38,-44,9