37.059,32.747,184.55,1
40.41,31.027,184.998,1
41.556,34.207,186.801,1
38.519,34.113,189.125,1
39.263,30.599,190.536,1
43.108,30.145,190.574,1
44.268,33.338,192.379,1
42.177,32.513,195.562,1
44.276,29.357,196.198,1
47.347,31.617,196.36,1
45.601,34.13,198.708,1
44.379,31.313,201.041,1
48.077,30.859,201.915,1
47.911,34.312,203.606,1
44.54,33.541,205.308,1
39.354,25.696,215.581,2
36.492,26.331,213.062,2
38.36,28.435,210.445,2
41.761,26.789,211.093,2
40.534,23.242,210.294,2
38.904,24.15,206.951,2
41.719,26.304,205.454,2
44.444,23.773,206.427,2
42.511,20.982,204.628,2
42.036,23.36,201.622,2
45.77,23.806,200.83,2
46.227,19.993,200.995,2
43.424,19.478,198.362,2
44.657,22.341,196.078,2
48.147,20.775,196.363,2
46.583,17.44,195.267,2
44.915,19.195,192.275,2
48.316,20.688,191.265,2
49.915,17.188,191.724,2
47.284,15.691,189.336,2
47.981,18.582,186.882,2
51.724,17.722,187.207,2
51.204,14.061,186.26,2
49.129,15.265,183.255,2
52.027,17.601,182.237,2
55.049,15.279,182.734,2
53.271,12.283,181.114,2
62.193,25.937,182.167,3
58.597,27.141,182.964,3
57.72,23.466,183.546,3
60.776,23.229,185.84,3
59.426,26.047,188.077,3
56.001,24.267,188.062,3
57.615,20.983,189.299,3
59.493,22.872,192.045,3
56.135,24.44,193.053,3
54.463,21.068,193.801,3
57.583,19.234,195.067,3
58.422,21.829,197.802,3
54.909,21.61,199.451,3
55.107,17.787,199.22,3
58.607,17.644,200.747,3
57.39,19.842,203.614,3
54.38,17.527,204.181,3
56.578,14.348,204.408,3
59.898,15.604,205.945,3
55.582,23.662,207.12,4
52.98,26.125,205.732,4
56.01,28.352,204.895,4
56.918,25.91,202.083,4
53.329,26.266,200.706,4
54.25,29.939,199.865,4
55.806,28.601,196.562,5
52.298,29.034,195.001,5
53.079,32.795,194.519,5
55.617,31.581,191.904,5
52.626,30.496,189.711,5
51.495,34.185,189.063,5
55.013,35.005,187.763,5
54.492,32.571,184.844,5
51.477,34.505,183.432,5
53.333,37.881,183.193,5
58.394,40.12,183.336,6
60.671,37.554,185.096,6
62.676,35.587,182.38,6
62.93,38.753,180.24,6
63.752,40.743,183.432,6
66.703,38.327,183.778,6
67.568,39.239,180.141,6
67.149,43.11,180.32,6
68.744,43.386,183.768,6
71.556,41.162,182.408,6
72.062,43.229,179.207,6
72.377,46.51,181.191,6
72.377,46.51,181.191,7
74.048,44.847,184.237,7
77.112,47.032,183.382,7
75.265,50.33,183.763,7
72.744,49.395,186.532,7
75.442,48.018,188.87,7
77.427,51.231,188.079,7
74.547,53.412,189.411,7
74.082,51.22,192.572,7
77.862,51.154,193.338,7
77.732,54.97,192.942,7
74.85,54.729,195.506,7
77.079,52.809,197.999,7
79.873,55.417,197.538,7
77.544,58.419,198.173,7
76.192,56.61,201.283,7
79.831,56.218,202.509,7
80.777,59.914,201.932,7
77.626,61.099,203.795,7
78.432,58.71,206.691,7
81.898,60.342,207.01,7
80.388,63.871,206.937,7
77.698,63.115,209.584,7
80.19,61.259,211.824,7
82.708,64.134,211.987,7
80.033,66.626,213.145,7
78.284,64.57,215.9,7
81.012,62.146,217.228,7
76.273,61.783,220.571,8
78.884,58.976,221.189,8
75.829,56.64,221.585,8
74.21,57.422,218.138,8
77.19,58.71,216.061,8
79.881,56.724,217.99,8
80.911,55.145,210.93,9
78.412,52.172,210.918,9
76.043,54.235,213.165,9
76.416,57.266,210.862,9
75.783,54.789,207.979,9
72.469,53.76,209.641,9
71.53,57.488,209.581,9
72.634,57.604,205.919,9
70.361,54.592,205.049,9
67.236,56.024,206.756,9
67.779,59.56,205.327,9
68.874,58.383,201.818,9
73.206,73.829,213.757,10
76.112,73.047,211.349,10
74.896,69.43,211.121,10
71.403,70.573,210.101,10
73.033,72.78,207.35,10
74.989,69.713,206.112,10
71.606,67.885,206.137,10
70.478,70.652,203.703,10
73.256,69.485,201.322,10
72.035,65.884,201.981,10
68.489,66.97,200.86,10
70.015,68.125,197.526,10
71.774,64.748,197.065,10
68.377,63.22,198.06,10
66.845,64.56,194.815,10
69.216,62.331,192.751,10
69.155,59.35,195.15,10
65.296,59.213,195.166,10
65.642,59.083,191.342,10
67.936,56.006,191.612,10
65.164,54.055,193.452,10
62.893,55.074,190.54,10
65.382,53.996,187.765,10
65.189,50.229,188.358,10
61.342,50.055,188.503,10
60.744,52.413,185.53,10
63.032,50.26,183.335,10
61.516,46.949,184.533,10
57.863,47.987,183.964,10
58.399,49.621,180.532,10
60.397,46.58,179.366,10
57.684,44.14,180.719,10
54.981,45.857,178.755,10
57.11,45.964,175.564,10
57.659,42.146,175.897,10
53.87,41.613,176.131,10
53.963,42.841,172.548,10
55.163,39.406,171.249,10
52.659,37.161,173.103,10
49.694,39.552,173.399,10
50.392,41.689,170.384,10
51.991,39.374,167.748,10
50.006,36.222,168.589,10
46.765,38.26,168.914,10
47.497,40.413,165.79,10
42.978,39.52,159.213,11
42.571,43.321,159.311,11
46.085,43.666,160.816,11
47.63,41.733,157.866,11
47.078,44.732,155.481,11
56.103,46.305,160.403,12
56.318,50.084,161.184,12
52.543,50.748,161.524,12
52.016,47.448,163.343,12
54.594,48.38,166.115,12
52.675,51.571,167.026,12
49.399,49.617,167.061,12
50.963,46.706,169.073,12
51.994,49.03,171.938,12
48.407,50.347,171.71,12
32.288,50.893,165.49,13
29.678,53.677,164.991,13
30.417,54.42,168.627,13
33.71,55.763,167.196,13
32.271,57.159,163.875,13
40.085,56.65,168.499,14
43.548,57.648,167.153,14
44.292,54.079,165.977,14
40.678,53.84,164.688,14
41.158,56.785,162.286,14
44.368,55.042,161.083,14
42.321,51.856,160.264,14
39.516,53.842,158.551,14
42.048,55.87,156.48,14
44.256,52.874,155.53,14
38.168,53.203,153.179,15
36.311,49.909,152.45,15
36.756,49.064,156.17,15
35.35,52.496,157.192,15
32.38,51.558,154.918,15
31.932,48.098,156.556,15
32.39,49.588,160.058,15
29.457,51.971,159.346,15
27.1,49.385,157.676,15
27.853,46.673,160.27,15
27.291,49.445,162.841,15
23.843,49.954,161.354,15
23.321,46.185,161.93,15
24.652,46.588,165.523,15
22.612,49.745,166.368,15