50.03,18.295,7.991,1
48.301,19.244,10.26,1
47.928,19.05,12.033,1
48.546,18.382,13.37,1
49.577,18.889,14.674,1
49.519,19.557,16.254,1
49.467,18.929,17.823,1
50.627,18.469,19.039,1
51.391,19.156,20.319,1
51.194,19.345,21.979,1
51.63,18.7,23.415,1
52.735,18.85,24.657,1
53.017,19.464,26.18,1
52.999,19.013,27.763,1
54.067,18.427,28.963,1
49.123,12.742,33.768,2
48.353,11.86,32.222,2
47.785,11.641,30.615,2
48.12,11.119,29.092,2
47.885,9.76,28.065,2
46.825,9.143,26.87,2
46.644,9.048,25.141,2
47.063,7.992,23.989,2
45.558,6.445,21.781,3
44.873,6.753,19.209,3
43.943,7.097,17.641,3
42.69,7.971,17.161,3
42.514,9.621,16.56,3
42.546,10.397,15.105,3
41.452,10.925,13.822,3
40.558,12.258,13.348,3
40.714,13.633,12.323,3
40.382,13.804,10.642,3
30.05,26.381,11.773,4
31.809,26.966,13.972,4
31.436,26.346,15.855,4
30.512,25.122,16.513,4
30.998,23.405,16.691,4
31.904,22.462,17.82,4
31.517,21.598,19.197,4
30.99,19.95,19.82,4
31.69,18.584,20.429,4
32.123,17.823,22.028,4
31.395,16.848,23.07,4
31.291,15.117,23.322,4
32.087,13.907,24.189,4
32.029,13.124,25.763,4
31.329,11.68,26.532,4
31.786,10.146,26.84,4
32.566,9.236,28.094,4
34.806,4.776,26.356,5
35.942,4.865,23.634,5
36.15,5.774,21.994,5
35.57,7.176,21.397,5
36.11,8.993,21.549,5
37.229,10.031,20.691,5
37.132,11.143,19.27,5
36.8,12.664,18.997,5
37.63,14.167,18.886,5
38.33,15.262,17.825,5
37.96,16.645,16.988,5
38.101,18.321,17.181,5
39.157,19.562,16.779,5
39.519,20.819,15.534,5
39.246,22.434,15.228,5
40.035,23.883,15.482,5
41.12,24.895,14.691,5
44,30.934,-4.489,6
44.854,30.097,-2.339,6
45.308,29.039,-0.806,6
46.269,27.646,-0.478,6
47.952,27.437,-0.052,6
48.948,27.387,1.358,6
49.539,26.282,2.396,6
50.942,25.335,2.589,6
52.437,25.401,3.349,6
53.448,24.941,4.868,6
54.66,23.932,5.714,6
56.392,23.73,6.254,6
33.607,26.122,27.775,7
32.97,26.611,24.987,7
33.652,27.923,23.848,7
34.796,29.191,23.415,7
36.264,29.477,22.506,7
36.665,30.012,20.927,7
36.926,31.51,20.289,7
38.283,32.57,20.111,7
39.487,32.897,18.983,7
39.752,33.954,17.652,7
40.453,35.535,17.191,7
41.898,36.096,16.625,7
42.592,36.317,14.972,7
42.721,37.529,13.708,7
46.934,41.493,1.122,8
48.586,42.925,-0.397,8
49.91,41.936,-1.285,8
50.041,40.356,-1.873,8
49.64,39.702,-3.36,8
50.376,39.549,-4.895,8
51.413,38.339,-5.597,8
51.281,36.832,-6.563,8
51.272,36.363,-8.146,8
57.808,33.288,-11.456,9
59.724,33.952,-9.342,9
59.546,34.593,-7.637,9
58.644,34.881,-6.338,9
58.169,34.303,-4.696,9
58.435,34.515,-3.142,9
57.802,35.582,-1.652,9
56.662,35.432,-0.394,9
56.779,34.805,1.266,9
57.194,35.371,2.724,9
56.33,36.211,4.175,9
55.466,35.703,5.653,9
55.552,35.039,7.953,9
55.221,35.187,9.876,9
53.958,34.76,10.823,9
53.44,33.295,11.645,9
53.535,32.466,13.102,9
52.621,32.328,14.534,9
51.342,31.297,15.139,9
51.203,29.794,16.046,9
51.079,29.313,17.696,9
49.852,29.03,18.779,9
48.863,27.722,19.365,9
48.8,26.541,20.623,9
48.121,26.458,22.224,9
46.579,25.969,22.84,9
45.835,24.482,23.383,9
45.569,23.566,24.797,9
44.406,23.408,25.941,9
42.962,22.441,26.238,9
42.512,21.019,27.043,9
41.921,20.556,28.545,9
40.471,20.256,29.343,9
39.328,18.95,29.771,9
39.081,17.926,31.075,9
38.141,17.923,32.501,9
36.477,17.465,32.822,9
