-15.73,6.073,-29.221,1
-12.236,6.592,-30.781,1
-13.354,9.855,-32.485,1
-14.813,11.093,-29.144,1
-11.497,10.235,-27.416,1
-9.402,12.113,-30.075,1
-11.671,15.194,-29.686,1
-11.375,15.003,-25.878,1
-7.546,14.674,-25.961,1
-7.242,17.705,-28.273,1
-9.571,19.865,-26.085,1
-7.672,18.755,-22.937,1
-4.472,19.99,-24.699,1
-6.237,23.392,-25.177,1
-7.027,21.728,-13.737,2
-10.5,21.523,-15.386,2
-8.438,19.62,-18.015,2
-8.508,16.669,-15.533,2
-12.322,16.681,-15.848,2
-11.848,16.162,-19.632,2
-9.151,13.497,-19.024,2
-11.53,11.669,-16.604,2
-14.106,11.357,-19.435,2
-11.285,9.919,-21.645,2
-10.364,7.484,-18.794,2
-14.006,6.357,-18.515,2
-14.344,5.774,-22.291,2
-10.965,3.985,-22.722,2
-11.078,1.804,-19.532,2
-14.844,1.079,-19.197,2
-16.607,1.679,-22.599,2
-10.995,-1.404,-23.412,3
-9.31,-2.181,-26.824,3
-8.891,1.59,-27.039,3
-6.791,1.337,-23.8,3
-3.493,0.486,-25.514,3
-3.922,2.758,-28.578,3
-4.515,5.966,-26.449,3
-2.276,4.948,-23.49,3
0.693,7.025,-24.694,3
-1.424,10.219,-25.12,3
-2.615,9.984,-21.469,3
0.953,9.098,-20.274,3
2.228,12.257,-22.004,3
0.219,14.231,-19.375,3
2.613,12.784,-16.74,3
4.89,15.642,-17.982,3
0.219,14.231,-19.375,4
2.613,12.784,-16.74,4
4.89,15.642,-17.982,4
2.242,18.343,-17.037,4
0.482,18.416,-9.469,5
-3.216,17.427,-9.766,5
-2.72,16.407,-13.439,5
0.292,14.25,-12.363,5
-1.869,12.689,-9.576,5
-4.635,12.043,-12.156,5
-2.073,10.153,-14.345,5
-1.094,8.043,-11.296,5
-4.813,7.182,-10.749,5
-5.183,6.345,-14.457,5
-2.128,4.03,-14.321,5
-3.685,2.312,-11.268,5
-7.032,1.646,-13.045,5
-5.337,0.717,-16.373,5
-3.275,-1.961,-14.547,5
-6.429,-3.24,-12.721,5
-8.102,-3.572,-16.185,5
-2.162,-6.101,-15.734,6
0.102,-6.693,-18.829,6
0.105,-2.911,-19.353,6
2.172,-2.964,-16.127,6
5.1,-3.911,-18.467,6
4.918,-0.471,-20.196,6
3.65,1.461,-17.159,6
6.014,0.356,-14.318,6
8.71,2.658,-15.74,6
6.34,5.701,-15.751,6
5.074,4.862,-12.229,6
8.636,4.63,-10.793,6
9.493,7.985,-12.472,6
6.464,9.548,-10.721,6
7.59,7.931,-7.414,6
10.691,10.229,-7.762,6
5.767,15.143,-2.212,7
1.969,14.92,-2.962,7
2.675,13.188,-6.312,7
5.14,10.898,-4.441,7
2.423,10.17,-1.782,7
-0.134,9.236,-4.47,7
2.432,6.976,-6.23,7
3.074,5.176,-2.891,7
-0.717,4.547,-2.455,7
-1.002,3.289,-6.06,7
1.939,0.936,-5.413,7
0.112,-0.38,-2.314,7
-2.658,-1.577,-4.667,7
-0.492,-2.556,-7.662,7
2.185,-4.588,-5.825,7
-0.462,-7.144,-4.73,7
-1.951,-7.213,-8.269,7
1.496,-7.726,-9.904,7
2.392,-10.527,-7.461,7
-0.925,-12.293,-8.265,7
-0.379,-11.964,-12.052,7
3.13,-13.466,-11.622,7
1.794,-16.301,-9.346,7
-0.898,-17.112,-12.012,7
11.97,-12.354,-19.589,8
9.966,-9.111,-20.138,8
7.378,-10.111,-17.478,8
10.365,-11.089,-15.272,8
12.025,-7.652,-15.74,8
8.665,-6.001,-14.889,8
8.433,-8.009,-11.621,8
12.058,-7.089,-10.796,8
11.25,-3.338,-11.211,8
8.073,-3.735,-9.05,8
10.159,-5.493,-6.357,8
12.914,-2.852,-6.514,8
10.191,-0.158,-6.285,8
8.794,-1.854,-3.139,8
12.344,-1.79,-1.681,8
12.601,1.945,-2.517,8
9.312,2.672,-0.633,8
10.734,0.689,2.363,8
13.811,2.989,2.164,8
11.328,5.964,2.251,8
10.596,5.091,5.902,8
14.03,6.891,6.171,8
14.03,6.891,6.171,9
12.73,9.95,4.142,9
12.89,13.48,5.67,9
6.658,13.271,7.603,10
3.848,12.723,5.049,10
6.041,10.492,2.91,10
6.965,8.376,5.97,10
3.203,8.058,6.803,10
2.458,6.69,3.325,10
5.544,4.428,3.313,10
4.296,2.905,6.638,10
0.903,2.158,4.998,10
2.701,0.537,2.023,10
4.885,-1.657,4.28,10
1.77,-2.662,6.26,10
0.202,-4.034,3.083,10
3.534,-5.642,2.056,10
3.892,-7.57,5.372,10
0.329,-8.897,5.119,10
0.646,-9.868,1.421,10
3.952,-11.685,2.169,10
-14.418,-7.694,3.585,11
-12.546,-5.873,0.691,11
-9.247,-7.782,0.709,11
-11.186,-11.13,0.583,11
-9.554,-12.122,-2.718,11
1.645,-16.49,1.019,12
-0.65,-19.53,1.534,12
-2.057,-18.92,-2.008,12
7.683,-18.799,-1.409,13
10.61,-18.717,1.059,13
12.162,-15.565,-0.476,13
8.792,-13.773,-0.179,13
8.509,-14.952,3.495,13
12.027,-13.711,4.444,13
11.393,-10.261,2.762,13
8.024,-9.851,4.628,13
9.916,-10.686,7.86,13
12.315,-7.975,6.791,13
9.304,-5.627,6.798,13
9.529,-6.398,10.561,13
12.221,-3.801,9.996,13
9.197,-1.502,10.19,13
8.937,-2.544,13.799,13
12.602,-1.499,14.264,13
11.885,1.94,12.661,13
8.843,2.38,14.925,13
3.816,11.67,16.872,14
1.767,10.98,13.692,14
4.312,8.48,12.295,14
4.324,6.664,15.665,14
0.49,6.551,15.658,14
0.41,5.191,12.045,14
3.069,2.558,12.87,14
1.108,1.603,16.017,14
-2.16,1.259,14.04,14
-0.57,-0.697,11.186,14
0.978,-3.079,13.795,14
-2.539,-3.67,15.224,14
-3.716,-4.391,11.649,14
-0.739,-6.812,11.112,14
-1.47,-8.701,14.338,14
-5.227,-9.003,13.579,14
-4.711,-10.152,9.941,14
-1.875,-13.524,14.361,15
1.522,-15.329,14.186,15
3.044,-11.802,14.349,15
0.85,-10.953,17.383,15
3.857,-11.91,19.623,15
6.072,-9.417,17.792,15
3.568,-6.525,17.928,15
2.965,-7.073,21.658,15
6.767,-6.999,22.197,15
6.826,-3.735,20.158,15
4.072,-2.244,22.358,15
5.814,-3.19,25.634,15
9.162,-1.765,24.393,15
7.358,1.466,23.3,15
5.541,1.7,26.697,15
8.795,1.436,28.697,15
11.3,14.076,21.695,16
7.529,13.422,22.145,16
6.356,16.551,23.981,16
4.37,15.995,27.291,16
0.961,16.694,25.631,16
-0.519,11.847,26.328,17
-1.732,11.52,22.663,17
0.564,8.533,21.912,17
-0.5,6.85,25.197,17
-4.236,7.217,24.181,17
-3.348,5.666,20.801,17
-1.382,2.786,22.455,17
-4.341,2.154,24.8,17
-6.768,2.129,21.827,17
-4.689,-0.343,19.763,17
-3.868,-2.654,22.734,17
-7.642,-2.881,23.461,17
-8.13,-3.648,19.74,17
-5.65,-6.581,19.864,17
-7.32,-7.752,23.133,17
-10.666,-8.088,21.238,17
-8.948,-10.493,18.79,17
-9.395,-14.206,19.675,17
-5.68,-15.12,19.268,18
-4.687,-12.643,22.03,18
-5.43,-15.361,24.651,18
-1.691,-16.296,24.687,18
-0.721,-12.717,25.622,18
-3.714,-11.742,27.784,18
-1.652,-11.295,30.984,19
0.949,-9.025,29.218,19
-1.785,-6.989,27.452,19
-3.712,-6.577,30.749,19
-0.548,-5.335,32.583,19
0.269,-2.803,29.818,19
-3.341,-1.515,29.82,19
-3.365,-1.204,33.671,19
-0.07,0.795,33.47,19
-1.819,3.028,30.857,19
-4.619,3.655,33.417,19
-7.277,1.546,31.677,19
-10.71,-2.864,35.04,20
-14.252,-2.347,33.622,20
-12.882,-1.24,30.186,20
-10.361,-4.141,30.065,20
-13.107,-6.694,30.866,20
-15.494,-4.984,28.338,20
-12.942,-5.741,25.568,20
-13.355,-18.395,25.898,21
-16.232,-19.483,23.529,21
-14.731,-17.353,20.712,21
-11.255,-18.633,21.603,21