23.247,-4.26,15.511,1
26.698,-5.721,16.133,1
29.791,-3.515,15.732,1
33.368,-4.644,15.05,1
36.529,-2.58,14.456,1
39.522,-3.535,12.308,1
42.699,-1.548,11.606,1
45.022,-2.099,8.61,1
48.294,-0.216,8.133,1
49.512,0.376,4.587,1
33.057,-8.384,-10.257,2
32.291,-7.538,-13.872,2
31.254,-3.887,-13.35,2
30.024,-1.152,-10.997,2
27.158,0.988,-12.311,2
25.692,4.149,-10.739,2
23.171,3.836,-5.143,3
25.698,1.669,-6.997,3
24.896,-1.731,-8.568,3
27.842,-4.09,-8.467,3
27.334,-6.782,-11.121,3
29.241,-10.039,-10.678,3
29.254,-13.604,-12.005,3
28.822,-16.42,-9.578,3
24.994,-16.821,-13.371,4
25.054,-13.055,-12.91,4
24.221,-11.601,-9.503,4
24.352,-8.141,-7.944,4
24.878,-6.292,-4.689,4
23.647,-2.741,-4.033,4
25.962,-0.222,-2.363,4
24.676,3.007,-0.841,4
27.139,5.863,-0.352,4
36.058,9.718,5.962,5
33.883,7.46,3.801,5
30.93,5.419,4.855,5
28.981,3.006,2.678,5
26.382,0.282,3.235,5
25.872,-3.041,1.494,5
22.128,-3.018,0.983,5
20.464,-5.691,-1.114,5
21.572,-8.285,-3.625,5
21.117,-9.484,7.505,6
19.086,-6.365,6.751,6
22.268,-4.438,5.91,6
25.995,-4.101,6.528,6
27.445,-0.622,7.122,6
31.167,0.146,6.768,6
32.601,3.293,8.355,6
36.055,3.979,7.06,6
38.673,6.587,7.946,6
42.232,6.903,6.643,6
44.656,8.481,9.119,6
48.353,9.299,8.604,6
48.543,5.326,6.346,7
46.389,3.61,8.938,7
42.974,2.527,7.687,7
40.256,2.247,10.335,7
37.354,0.051,9.185,7
34.387,-0.285,11.498,7
31.712,-2.772,10.328,7
28.153,-2.662,11.683,7
25.949,-5.679,11.064,7
22.213,-4.893,11.021,7
20.596,-8.317,11.591,7