5.4,0.577,20.815,1
6.062,0.078,22.381,1
7.636,-0.061,23.031,1
8.705,0.976,23.859,1
9.165,1.437,25.416,1
10.285,1.059,26.57,1
11.842,1.585,27.045,1
12.506,2.728,28.146,1
12.97,2.686,29.81,1
14.44,2.298,30.665,1
15.834,3.259,31.088,1
17.883,8.851,39.073,2
17.78,10.528,41.291,2
18.714,12.044,41.236,2
19.423,13.224,40.269,2
19.048,14.752,39.604,2
19.245,16.408,39.897,2
20.266,17.657,39.491,2
20.487,18.963,38.368,2
20.893,25.216,34.128,3
18.733,26.926,33.533,3
18.01,27.943,34.719,3
18.176,28.515,36.252,3
18.881,29.958,37.026,3
18.325,31.513,37.498,3
17.639,32.14,38.909,3
18.23,32.817,40.387,3
18.626,34.361,41.09,3
17.827,35.501,41.994,3
17.561,35.811,43.674,3
18.283,36.69,44.919,3
18.116,38.339,45.41,3
14.246,37.243,47.447,4
12.07,36.028,48.217,4
10.441,36.569,47.24,4
10.389,37.278,45.669,4
10.577,36.442,44.104,4
9.6,35.538,43.014,4
8.616,35.865,41.653,4
8.793,35.95,39.97,4
8.633,34.878,38.709,4
7.363,34.338,37.64,4
6.728,34.731,36.124,4
6.965,34.261,34.514,4
6.341,33.132,33.432,4
13.508,30.772,22.379,5
14.909,30.862,24.738,5
16.098,31.378,25.966,5
16.544,32.841,26.618,5
16.084,33.901,27.993,5
16.491,34.181,29.593,5
17.528,35.226,30.432,5
17.454,36.722,31.112,5
17.11,37.489,32.652,5
17.98,38.013,34.036,5
18.754,39.494,34.444,5
18.184,41.114,35.222,5
17.932,41.436,36.944,5
7.795,46.978,42.845,6
5.71,45.68,41.164,6
5.137,45.63,39.433,6
5.688,46.388,38.009,6
6.89,46.033,36.839,6
7.003,45.135,35.368,6
6.848,45.387,33.678,6
7.796,45.722,32.376,6
8.654,44.983,31.117,6
8.591,44.503,29.47,6
9.032,45.07,27.965,6
3.194,40.102,21.831,7
1.464,41.612,23.58,7
0.361,41.781,25.056,7
-0.188,40.851,26.351,7
0.212,40.477,27.967,7
-0.112,40.935,29.491,7
-1.199,40.521,30.774,7
-1.212,39.482,32.139,7
-0.834,39.596,33.74,7
-1.568,39.954,35.261,7
-2.29,39.343,36.725,7
3.18,24.026,47.921,8
1.195,23.053,45.949,8
-0.371,23.289,44.997,8
-1.426,24.42,44.67,8
-1.624,25.582,43.457,8
-2.375,25.822,41.977,8
-3.824,26.455,41.39,8
-4.371,27.971,40.87,8
-4.489,28.846,39.398,8
-5.547,29.271,38.053,8
-6.573,30.452,37.63,8
-6.334,32.047,36.76,8
-0.595,22.533,30.966,9
1.05,24.758,30.302,9
1.926,25.767,31.584,9
2.21,25.544,33.379,9
3.37,24.76,34.317,9
4.843,25.17,34.975,9
5.635,25.794,36.338,9
6.494,25.411,37.743,9
8.052,25.292,38.337,9
9.153,26.225,39.161,9
9.695,26.532,40.738,9
10.857,26.118,41.845,9
12.315,26.591,42.47,9
12.942,27.449,43.747,9
13.495,27.089,45.35,9
15.012,26.648,46.101,9
16.303,27.576,46.731,9
16.566,28.348,48.358,9
5.179,21.125,23.676,10
7.053,21.375,21.969,10
8.09,19.909,21.929,10
8.023,18.29,22.236,10
7.722,16.908,21.36,10
8.557,15.75,20.475,10
9.279,14.218,20.738,10
8.907,12.563,20.601,10
9.062,11.447,19.452,10
2.611,13.397,15.461,11
2.837,16.171,15.539,11
1.453,17.132,16.237,11
0.235,16.852,17.229,11
-0.05,16.931,18.938,11
-0.644,17.923,20.177,11
-2.631,17.509,22.332,12
-2.568,16.046,24.758,12
-2.036,14.63,25.887,12
-1.103,13.243,26.145,12
0.301,12.766,26.76,12
0.947,12.172,28.217,12
1.39,10.698,29.096,12
2.733,9.651,29.462,12
3.838,9.501,30.662,12
4.112,8.636,32.159,12
4.823,7.356,32.817,12
6.227,6.983,33.543,12
6.868,6.949,35.171,12
7.036,5.78,36.498,12
8.307,4.628,36.873,12
8.796,12.345,37.275,13
7.871,14.838,36.526,13
9.09,16.022,35.929,13
10.589,15.958,35.34,13
11.526,15.897,33.951,13
12.527,16.606,32.714,13
14.015,16.964,31.949,13
14.978,16.477,30.67,13
15.255,16.907,29.04,13
16.295,17.866,28.005,13
17.7,17.624,27.167,13
18.039,17.083,25.575,13
18.214,17.801,23.998,13
19.373,18.436,22.861,13
20.307,17.682,21.639,13
24.038,10.458,28.041,14
23.928,8.162,26.61,14
22.284,7.688,25.952,14
20.776,8.378,25.466,14
20.05,8.958,24.077,14
18.99,8.481,22.726,14
