41.619,5.878,40.478,1
38.048,6.328,41.787,1
39.297,7.654,45.174,1
41.74,10.107,43.504,1
39.006,11.274,41.072,1
36.542,11.824,43.957,1
38.975,13.769,46.178,1
39.969,16.035,43.242,1
36.252,16.564,42.457,1
35.45,17.375,46.097,1
38.378,19.854,46.18,1
37.198,21.684,42.982,1
33.64,21.66,44.298,1
34.741,23.025,47.712,1
36.839,25.768,45.969,1
60.3,9.37,41.609,2
62.378,9.072,38.384,2
59.776,10.863,36.258,2
59.088,13.513,38.937,2
62.852,14.096,39.458,2
63.281,14.839,35.727,2
60.092,17.017,35.54,2
61.413,18.911,38.647,2
64.784,19.361,36.858,2
63.257,20.508,33.553,2
60.336,22.712,34.734,2
61.617,23.849,38.213,2
53.881,7.796,44.636,3
57.365,6.989,46.031,3
57.948,10.341,47.824,3
54.276,10.284,48.959,3
54.718,6.789,50.518,3
57.942,7.871,52.266,3
56.244,11.012,53.668,3
53.152,9.012,54.809,3
49.117,6.779,52.097,4
45.491,7.58,51.064,4
45.486,10.538,53.513,4
48.841,11.86,52.293,4
47.792,11.555,48.591,4
44.57,13.442,49.541,4
46.671,16.262,51.094,4
48.994,16.301,48.062,4
46.146,16.678,45.49,4
44.672,19.449,47.665,4
48.03,21.25,47.908,4
48.625,20.792,44.175,4
45.107,22.103,43.303,4
45.805,25.21,45.486,4
49.189,25.709,43.67,4
54.096,35.713,55.332,5
50.668,36.735,53.947,5
50.93,34.507,50.839,5
51.811,31.48,53.009,5
48.918,32.333,55.368,5
46.425,32.515,52.408,5
47.753,29.195,51.045,5
47.564,27.125,54.284,5
44.223,28.745,55.233,5
42.719,27.695,51.843,5
44.314,24.264,52.388,5
42.693,23.871,55.843,5
39.306,25.031,54.425,5
39.403,22.492,51.56,5
40.747,19.635,53.807,5
37.914,20.355,56.279,5
35.446,19.971,53.377,5
37.246,16.717,52.237,5
37.232,15.363,55.836,5
33.538,16.241,56.331,5