-12.999,-6.192,2.57,1
-12.317,-6.959,-1.15,1
-8.712,-5.856,0.245,1
-4.498,-9.149,10.374,2
-1.139,-7.321,10.791,2
-0.894,-6.721,7.016,2
-4.625,-5.967,6.634,2
-4.268,-3.375,9.462,2
-1.248,-1.702,7.823,2
-3.117,-1.68,4.45,2
-6.115,0.014,6.213,2
-3.697,2.725,7.477,2
-2.162,3.333,3.987,2
-5.69,3.832,2.556,2
-6.298,6.21,5.512,2
-2.996,8.044,4.795,2
-3.87,8.649,1.117,2
-7.42,9.72,2.153,2
-5.939,12.231,4.675,2
-3.619,13.671,1.966,2
-6.806,14.05,-0.165,2
-8.664,15.875,2.719,2
3.343,18.281,4.876,3
2.348,16.353,8.094,3
-0.066,14.154,6.077,3
2.509,13.336,3.35,3
5.083,12.599,6.117,3
2.535,10.29,7.85,3
1.89,8.485,4.526,3
5.638,7.899,3.906,3
6.217,6.653,7.516,3
3.273,4.199,7.523,3
4.192,2.859,4.02,3
7.862,2.389,5.09,3
6.628,0.455,8.167,3
4.269,-1.668,6.048,3
6.848,-2.546,3.388,3
9.421,-3.658,6.028,3
6.71,-5.798,7.774,3
5.506,-7.456,4.53,3
9.093,-8.075,3.382,3
9.983,-9.713,6.714,3
6.927,-12.049,6.414,3
7.852,-12.976,2.79,3
11.505,-13.698,3.75,3
10.413,-15.734,6.832,3
9.8,-11.721,-2.932,4
12.374,-10.063,-5.313,4
9.799,-8.626,-7.841,4
7.602,-7.672,-4.828,4
10.465,-5.819,-3.008,4
11.259,-3.97,-6.277,4
7.643,-2.686,-6.509,4
7.763,-1.542,-2.835,4
11.139,0.229,-3.424,4
9.702,2.045,-6.5,4
6.691,3.241,-4.468,4
8.97,4.414,-1.582,4
11.249,6.242,-4.054,4
8.235,8.04,-5.658,4
6.515,9.124,-2.397,4
9.863,10.049,-0.761,4
10.293,12.379,-3.801,4
-3.456,16.078,-8.321,5
-2.053,13.562,-10.894,5
0.453,12.31,-8.26,5
-2.41,11.839,-5.732,5
-4.285,9.785,-8.385,5
-1.05,7.854,-9.16,5
-0.906,6.927,-5.428,5
-4.623,5.902,-5.266,5
-4.262,3.731,-8.388,5
-0.897,2.243,-7.31,5
-2.167,1.184,-3.858,5
-5.28,-0.513,-5.341,5
-3.367,-2.355,-8.078,5
-0.436,-3.29,-5.802,5
-2.734,-4.81,-3.15,5
-5.041,-6.674,-5.55,5
-2.335,-7.946,-7.957,5
-0.216,-8.66,-2.341,6
-3.019,-11.09,-3.33,6
-0.224,-13.286,-4.756,6
1.131,-13.767,-1.17,6