-23.832,90.844,-44.383,1
-22.38,89.346,-41.122,1
-25.907,88.401,-40.032,1
-26.856,86.904,-43.474,1
-23.663,84.737,-43.451,1
-24.308,83.662,-39.796,1
-27.838,82.685,-40.993,1
-26.134,80.606,-43.742,1
-24.017,78.843,-41,1
-27.35,78.204,-39.185,1
-28.744,76.668,-42.451,1
-25.711,74.287,-42.603,1
-26.254,73.151,-38.976,1
-30.039,72.815,-39.596,1
-29.129,70.583,-42.564,1
-26.935,68.434,-40.199,1
-29.874,68.137,-37.779,1
-32.266,67.285,-40.669,1
-30.087,64.399,-41.996,1
-29.73,63.036,-38.431,1
-33.579,63.302,-38.143,1
-32.372,63.793,-46.486,2
-34.183,66.055,-49.011,2
-34.585,68.851,-46.4,2
-30.915,68.302,-45.456,2
-29.867,68.6,-49.147,2
-31.987,71.756,-49.674,2
-30.541,73.431,-46.56,2
-26.905,72.337,-47.127,2
-27.035,73.673,-50.745,2
-28.568,76.993,-49.563,2
-25.804,77.288,-46.934,2
-22.946,76.589,-49.431,2
-24.466,79.099,-51.903,2
-23.946,81.847,-49.291,2
-14.78,77.273,-43.009,3
-16.71,75.485,-40.208,3
-20.188,75.658,-41.776,3
-18.604,74.865,-45.178,3
-17.268,71.612,-43.611,3
-20.639,70.718,-42.011,3
-22.618,71.453,-45.231,3
-20.155,69.419,-47.373,3
-20.362,66.554,-44.801,3
-24.172,66.703,-44.97,3
-24.192,66.499,-48.776,3
-21.918,63.427,-48.417,3
-24.391,61.824,-45.946,3
-27.321,62.685,-48.321,3
-25.572,61.143,-51.398,3
-24.886,58.057,-49.163,3
-28.639,57.858,-48.258,3
-21.852,55.834,-53.315,4
-19.039,57.024,-55.658,4
-20.167,60.694,-55.4,4
-20.795,60.343,-51.655,4
-17.236,58.977,-51.215,4
-15.867,61.989,-53.167,4
-17.81,64.425,-50.876,4
-16.617,62.535,-47.758,4
-13.002,62.877,-48.948,4
-13.483,66.632,-49.668,4
-14.957,66.943,-46.12,4
-12.044,65.043,-44.546,4
-9.431,67.226,-46.271,4
-11.151,70.537,-45.329,4
-11.645,69.275,-41.735,4
-7.93,68.334,-41.451,4
-6.958,71.696,-43.032,4
-8.809,73.513,-40.16,4
-10.922,66.524,-35.838,5
-14.536,65.412,-35.158,5
-15.501,65.993,-38.82,5
-12.29,64.333,-40.096,5
-12.994,61.229,-37.901,5
-16.723,61.168,-38.806,5
-15.746,61.304,-42.507,5
-13.312,58.343,-42.181,5
-16.004,56.282,-40.354,5
-18.547,57.011,-43.157,5
-15.934,56.137,-45.849,5
-15.365,52.761,-44.136,5
-19.181,52.162,-43.951,5
-19.478,52.626,-47.761,5
-16.42,50.409,-48.44,5
-17.747,47.658,-46.1,5
-21.157,47.737,-47.871,5
-19.367,47.462,-51.262,5
-13.394,44.793,-46.374,6
-9.578,45.21,-46.661,6
-10.025,48.875,-47.827,6
-12.609,49.342,-45.014,6
-9.941,48.017,-42.582,6
-7.338,50.437,-44.072,6
-9.73,53.425,-43.731,6
-10.558,52.386,-40.147,6
-6.754,52.245,-39.559,6
-6.452,55.902,-40.755,6
-9.195,56.739,-38.235,6
-7.278,55.038,-35.348,6
-4.096,56.881,-36.468,6
-5.965,60.249,-36.386,6
-7.379,59.386,-32.937,6
-3.904,58.702,-31.479,6
-2.306,61.658,-33.387,6
-4.841,64.07,-31.752,6
-17.757,59.099,-28.118,7
-16.998,58.891,-31.865,7
-14.268,56.419,-30.84,7
-17.114,54.042,-29.862,7
-18.57,54.287,-33.405,7
-15.17,53.437,-34.942,7
-14.503,50.467,-32.616,7
-18.036,49.161,-33.372,7
-17.45,49.187,-37.151,7
-13.994,47.608,-36.556,7
-15.798,44.917,-34.514,7
-18.276,44.393,-37.423,7
-15.392,43.836,-39.874,7
-13.547,41.51,-37.434,7
-16.798,39.562,-36.901,7
-17.204,39.083,-40.676,7
-14.443,36.728,-32.706,8
-12.25,37.501,-29.684,8
-10.855,40.644,-31.368,8
-14.473,41.657,-32.331,8
-15.647,41.097,-28.729,8
-12.717,43.119,-27.29,8
-13.475,45.891,-29.839,8
-17.168,46.06,-28.824,8
-16.134,46.022,-25.089,8
-13.8,48.974,-25.726,8
-16.8,50.81,-27.274,8
-18.902,50.156,-24.11,8
-15.97,51.431,-21.986,8
-15.73,54.675,-24.079,8
-20.114,57.825,-18.374,9
-23.25,58.021,-20.596,9
-26.733,56.496,-20.165,9
-26.737,52.636,-20.539,9
-26.737,52.636,-20.539,10
-29.079,53.067,-23.563,10
-26.064,54.426,-25.587,10
-24.473,50.963,-25.266,10
-27.275,49.383,-27.421,10
-25.219,48.814,-30.643,10
-22.011,47.605,-28.895,10
-24.145,45.218,-26.793,10
-25.812,43.967,-30.017,10
-22.28,43.281,-31.342,10
-21.368,41.299,-28.151,10
-24.523,39.234,-28.714,10
-23.532,38.785,-32.395,10
-20.139,37.392,-31.205,10
-21.797,34.958,-28.734,10
-24.195,33.785,-31.496,10
-21.206,33.117,-33.816,10
-19.563,31.103,-30.943,10
-26.376,30.587,-26.445,11
-26.418,31.046,-22.614,11
-24.199,34.182,-22.806,11
-26.227,35.301,-25.848,11
-29.573,34.944,-23.936,11
-28.158,36.8,-20.856,11
-26.786,39.664,-22.99,11
-30.155,39.643,-24.911,11
-32.03,40.081,-21.59,11
-30.026,43.321,-21.213,11
-30.571,44.325,-24.902,11
-34.363,43.837,-24.639,11
-34.415,45.844,-21.372,11
-32.642,48.72,-23.23,11
-35.063,48.451,-26.23,11
-37.973,48.748,-23.778,11
-36.485,51.832,-22.064,11
-34.917,52.782,-36.73,12
-31.432,51.516,-37.787,12
-30.466,50.98,-34.094,12
-33.721,49.033,-33.577,12
-33.077,46.99,-36.786,12
-29.5,46.085,-35.657,12
-30.728,45.012,-32.21,12
-33.592,43.053,-33.816,12
-31.066,41.386,-36.188,12
-29.421,39.574,-33.263,12
-32.824,38.875,-31.624,12
-34.169,37.113,-34.772,12
-30.925,35.154,-35.227,12
-31.248,33.954,-31.577,12
-34.91,33.015,-32.096,12
-33.951,31.014,-35.229,12
-31.179,29.182,-33.305,12
-33.664,28.426,-30.467,12
-41.295,30.635,-33.773,13
-43.603,32.233,-31.152,13
-41.254,35.159,-30.392,13
-40.396,35.529,-34.11,13
-44.129,35.658,-35.109,13
-45.035,38.227,-32.415,13
-42.011,40.329,-33.386,13
-42.864,40.105,-37.136,13
-46.507,41.177,-36.569,13
-45.34,44.264,-34.585,13
-38.66,50.579,-52.853,14
-34.934,50.514,-53.772,14
-33.636,51.736,-50.43,14
-30.29,50.067,-49.536,15
-30.601,51.326,-45.934,15
-33.805,49.198,-45.659,15
-31.816,46.03,-46.655,15
-31.049,45.287,-42.972,15
-34.618,45.48,-41.686,15
-36.003,43.461,-44.643,15
-33.416,40.726,-43.932,15
-34.769,40.59,-40.392,15
-38.303,40.258,-41.855,15
-37.192,37.589,-44.334,15
-35.321,35.576,-41.63,15
-38.411,35.596,-39.402,15
-40.653,34.601,-42.36,15
-38.26,31.68,-43.242,15
-38.268,30.439,-39.608,15
-42.112,30.576,-39.756,15
-41.108,30.798,-47.882,16
-42.883,32.574,-50.809,16
-43.067,36.08,-49.169,16
-39.477,35.65,-47.935,16
-38.21,34.678,-51.44,16
-39.863,37.735,-53.071,16
-38.358,40,-50.338,16
-34.869,38.487,-50.855,16
-34.975,38.726,-54.696,16
-35.983,42.433,-54.458,16
-33.112,42.99,-51.952,16
-30.84,41.207,-54.469,16
-31.923,43.478,-57.348,16
-31.081,46.555,-55.226,16
-27.74,45.03,-54.072,16
-26.767,44.121,-57.704,16
-27.661,47.614,-58.98,16
-21.516,42.773,-52.486,17
-21.788,42.567,-48.67,17
-25.601,42.777,-48.758,17
-25.731,40.358,-51.742,17
-23.646,37.826,-49.754,17
-25.972,38.112,-46.68,17
-29.081,37.831,-48.913,17
-27.731,34.725,-50.718,17
-27.166,33.048,-47.335,17
-30.765,33.797,-46.268,17
-31.931,32.397,-49.683,17
-29.819,29.291,-48.951,17
-31.571,28.917,-45.566,17
-34.99,29.402,-47.287,17
-34.38,26.755,-49.984,17
-32.797,24.339,-47.445,17
-35.821,24.564,-45.089,17
-32.067,21.022,-52.395,18
-30.949,21.955,-55.972,18
-31.71,25.679,-55.416,18
-30.11,25.562,-51.938,18
-26.829,24.096,-53.247,18
-26.806,26.559,-56.197,18
-27.129,29.697,-54.003,18
-24.652,28.204,-51.482,18
-22.039,27.799,-54.26,18
-22.897,31.387,-55.363,18
-22.434,32.54,-51.721,18
-19.055,30.726,-51.288,18
-17.787,32.309,-54.566,18
-18.842,35.876,-53.707,18
-17.247,35.234,-50.266,18
-13.901,34.957,-52.108,18
-14.423,38.722,-52.748,18
-16.188,39.778,-49.448,18
-14.067,37.557,-47.153,19
-17.183,36.666,-45.087,19
-16.981,33.666,-42.72,19
-19.155,34.309,-39.649,19
-22.363,34.828,-41.7,19
-21.996,31.226,-42.889,19
-19.155,34.309,-39.649,20
-22.363,34.828,-41.7,20
-21.996,31.226,-42.889,20
-21.111,30.062,-39.331,20
-24.343,31.401,-37.71,20
-26.313,29.141,-40.115,20
-25.127,26.215,-37.848,20
-25.945,22.486,-38.512,20
-27.929,23.311,-41.702,20
-24.779,24.969,-43.069,20
-22.467,22.252,-41.657,20
-24.508,19.45,-43.297,20
-24.507,21.278,-46.666,20
-20.743,22.041,-46.464,20
-19.909,18.411,-45.443,20
-21.818,17.264,-48.582,20
-19.989,19.788,-50.89,20
-16.521,18.982,-49.416,20
-17.074,15.186,-49.73,20
-9.648,25.446,-54.141,21
-10.581,28.807,-52.473,21
-14.253,27.73,-51.97,21
-13.063,24.323,-50.579,21
-10.718,26.178,-48.187,21
-13.432,28.541,-46.869,21
-15.967,25.682,-46.627,21
-13.461,23.746,-44.471,21
-12.797,26.881,-42.293,21
-16.573,27.466,-41.772,21
-17.177,23.789,-40.932,21
-14.28,24.087,-38.414,21
-15.934,27.119,-36.742,21
-19.331,25.276,-36.557,21
-17.822,21.894,-35.494,21
-15.742,23.662,-32.799,21